Year,state_id,Production_Loss(ton),Area_Loss(km^2),State_Code,State_Name
1981,0,504220.3978979413,1454.3906661818562,AL,ALABAMA
1981,2,1887.0928537236216,72.8363946777548,AZ,ARIZONA
1981,3,29739.637751870032,288.3218057852021,AR,ARKANSAS
1981,4,2438.5132539452507,46.46498083647443,CA,CALIFORNIA
1981,5,88257.83372707538,1610.4436544116986,CO,COLORADO
1981,6,12456.143463887454,86.82563538713602,CT,CONNECTICUT
1981,7,57342.789445072696,373.3295116756444,DE,DELAWARE
1981,8,0.0,0.0,DC,DISTRICT OF COLUMBIA
1981,9,345679.961300702,677.7129228403327,FL,FLORIDA
1981,10,853010.5767849053,1840.80266648238,GA,GEORGIA
1981,12,681.8103868158596,50.91206258861933,ID,IDAHO
1981,13,4438258.605677833,24301.693143262208,IL,ILLINOIS
1981,14,1005215.9027122472,12513.503759934449,IN,INDIANA
1981,15,22236769.21208325,55579.8546235004,IA,IOWA
1981,16,971594.8282051794,4330.98057140546,KS,KANSAS
1981,17,742455.3355218581,5290.641206914364,KY,KENTUCKY
1981,18,385697.0399918811,1782.4674106435718,LA,LOUISIANA
1981,19,275.55378895526184,9.419186751183542,ME,MAINE
1981,20,338669.41412428813,2045.068664481861,MD,MARYLAND
1981,21,4400.617724978455,75.30514879030625,MA,MASSACHUSETTS
1981,22,447544.5897620635,4098.869026329988,MI,MICHIGAN
1981,23,11631041.163959883,30777.357530414512,MN,MINNESOTA
1981,24,568209.9092371092,2131.906972363968,MS,MISSISSIPPI
1981,25,1783135.0359657155,8995.639425918247,MO,MISSOURI
1981,26,8428.737250070226,71.86400797483554,MT,MONTANA
1981,27,2378127.086303222,14290.628941302391,NE,NEBRASKA
1981,28,0.0,0.0,NV,NEVADA
1981,29,170.8811460984134,3.0571994780084544,NH,NEW HAMPSHIRE
1981,30,17265.1587597865,303.68215320117025,NJ,NEW JERSEY
1981,31,4171.829756958799,90.38183325927427,NM,NEW MEXICO
1981,32,136985.72092077386,1170.0489344405596,NY,NEW YORK
1981,33,163150.53940330478,2135.7590009801097,NC,NORTH CAROLINA
1981,34,959953.148563656,4089.052264782577,ND,NORTH DAKOTA
1981,35,393279.33165717614,3688.790823096084,OH,OHIO
1981,36,121260.22716705676,538.3070131371825,OK,OKLAHOMA
1981,37,29442.629062155047,108.21821948140742,OR,OREGON
1981,38,394824.1847408294,2832.3867883096927,PA,PENNSYLVANIA
1981,39,762.7074176368196,17.68469880722178,RI,RHODE ISLAND
1981,40,282130.71566761343,1512.9074906238482,SC,SOUTH CAROLINA
1981,41,4810707.407727676,18048.243107808084,SD,SOUTH DAKOTA
1981,42,410687.1536436645,2809.872974191333,TN,TENNESSEE
1981,43,91966.41452219275,546.217572882844,TX,TEXAS
1981,44,398.176286560278,60.23425922693136,UT,UTAH
1981,45,2712.7069679532087,40.95842679516417,VT,VERMONT
1981,46,124059.19993314405,1637.922093793916,VA,VIRGINIA
1981,47,77577.44551522465,603.3671308600351,WA,WASHINGTON
1981,48,24847.28034625216,190.2829589391539,WV,WEST VIRGINIA
1981,49,1454314.8234914166,12044.950959219928,WI,WISCONSIN
1981,50,15637.042676360366,256.4256906278072,WY,WYOMING
1982,0,51518.538314637815,494.6192183539668,AL,ALABAMA
1982,2,5675.345475096238,199.35811909167785,AZ,ARIZONA
1982,3,23700.62335840977,138.62054556261228,AR,ARKANSAS
1982,4,1004.3999343841784,15.722192383403428,CA,CALIFORNIA
1982,5,14004.70008961142,308.6241327154096,CO,COLORADO
1982,6,1941.401397260048,64.06019910264118,CT,CONNECTICUT
1982,7,4251.752824968542,196.82195394116468,DE,DELAWARE
1982,8,0.0,0.0,DC,DISTRICT OF COLUMBIA
1982,9,1727.4830853076671,42.879084497588906,FL,FLORIDA
1982,10,4102.663850639108,99.02839759029514,GA,GEORGIA
1982,12,40.70091233513568,2.943079287596212,ID,IDAHO
1982,13,4954330.74712368,23447.151586320037,IL,ILLINOIS
1982,14,1578251.3393989312,18093.93845583036,IN,INDIANA
1982,15,326464.73371759115,2431.7202973863164,IA,IOWA
1982,16,323611.1075334769,1496.5493574960778,KS,KANSAS
1982,17,577911.8842277136,5224.25998617929,KY,KENTUCKY
1982,18,291062.322218932,1512.6746043738258,LA,LOUISIANA
1982,19,1462.87711117996,33.30201218055693,ME,MAINE
1982,20,31028.350977583825,417.4993475220568,MD,MARYLAND
1982,21,2185.370872996399,37.01092355730445,MA,MASSACHUSETTS
1982,22,535181.9319562862,7033.297963677511,MI,MICHIGAN
1982,23,3486432.2500552386,11717.589116542606,MN,MINNESOTA
1982,24,71839.22757965652,667.563496315976,MS,MISSISSIPPI
1982,25,83922.15574177011,738.6117498584712,MO,MISSOURI
1982,26,764.9369766708506,5.180282129154495,MT,MONTANA
1982,27,3776.1375353792873,17.686471063384705,NE,NEBRASKA
1982,28,0.0,0.0,NV,NEVADA
1982,29,466.4930342911259,1.8609029369811247,NH,NEW HAMPSHIRE
1982,30,28685.06027329804,267.2851555086864,NJ,NEW JERSEY
1982,31,15520.299686304385,209.66675308972896,NM,NEW MEXICO
1982,32,146731.98139203043,2033.281165977868,NY,NEW YORK
1982,33,20348.70392467425,591.841327514063,NC,NORTH CAROLINA
1982,34,691822.4654546828,2988.182669847376,ND,NORTH DAKOTA
1982,35,876081.6727161128,9744.791500323834,OH,OHIO
1982,36,661.6276586205535,2.555133705501203,OK,OKLAHOMA
1982,37,34075.49639119536,240.8359088563961,OR,OREGON
1982,38,473797.69241598167,2833.2058025265733,PA,PENNSYLVANIA
1982,39,568.8245459903653,15.609734189119006,RI,RHODE ISLAND
1982,40,1367.0720007766809,17.08264568621212,SC,SOUTH CAROLINA
1982,41,319518.79072856705,1673.0500634835644,SD,SOUTH DAKOTA
1982,42,142479.90322945395,1067.4497103404692,TN,TENNESSEE
1982,43,381038.78737842856,2608.327433377551,TX,TEXAS
1982,44,20.118205628331918,2.8694239769549554,UT,UTAH
1982,45,11207.762304584418,131.6443447936498,VT,VERMONT
1982,46,34135.530820588654,440.8169269170762,VA,VIRGINIA
1982,47,76685.8353356827,560.5390945509741,WA,WASHINGTON
1982,48,4345.890545060081,44.0299817015688,WV,WEST VIRGINIA
1982,49,120514.39859510335,1441.542591290934,WI,WISCONSIN
1982,50,308.4742473735296,5.736671036760642,WY,WYOMING
1983,0,0.0,0.0,AL,ALABAMA
1983,2,23.771787366075834,0.7920314702941664,AZ,ARIZONA
1983,3,0.0,0.0,AR,ARKANSAS
1983,4,905.600747836165,14.746161580063012,CA,CALIFORNIA
1983,5,81696.14449826078,1391.3205199509723,CO,COLORADO
1983,6,1709.7652016453362,22.072714471360005,CT,CONNECTICUT
1983,7,5434.147882901185,168.04983353929302,DE,DELAWARE
1983,8,0.0,0.0,DC,DISTRICT OF COLUMBIA
1983,9,1157.2716971692398,10.318911745832384,FL,FLORIDA
1983,10,1176.533882543392,5.945311015444446,GA,GEORGIA
1983,12,19.30893446136291,1.3941145401841462,ID,IDAHO
1983,13,9063108.40326703,31628.50021932313,IL,ILLINOIS
1983,14,1493311.233841576,11006.373151608794,IN,INDIANA
1983,15,2116619.950944361,10731.553543893471,IA,IOWA
1983,16,1980477.1838782143,8075.690870541095,KS,KANSAS
1983,17,52704.63479701328,342.6647947902993,KY,KENTUCKY
1983,18,0.0,0.0,LA,LOUISIANA
1983,19,168.98158327132705,1.1876760650862952,ME,MAINE
1983,20,72227.9297408475,588.4370857543647,MD,MARYLAND
1983,21,7345.430871001293,77.93752485297037,MA,MASSACHUSETTS
1983,22,188095.3374817601,1432.1222572208449,MI,MICHIGAN
1983,23,2630630.727077631,9239.894666196096,MN,MINNESOTA
1983,24,0.0,0.0,MS,MISSISSIPPI
1983,25,553054.9831016547,2791.282750218767,MO,MISSOURI
1983,26,1658.7019603193178,14.10687049544724,MT,MONTANA
1983,27,248088.92229420293,1466.624546459146,NE,NEBRASKA
1983,28,0.0,0.0,NV,NEVADA
1983,29,159.8522691102433,3.982675032969143,NH,NEW HAMPSHIRE
1983,30,2131.14840388695,54.95619237983741,NJ,NEW JERSEY
1983,31,3665.571576727338,50.17231014461444,NM,NEW MEXICO
1983,32,102126.80939355084,1775.5350214608322,NY,NEW YORK
1983,33,56770.53363745297,697.930875823756,NC,NORTH CAROLINA
1983,34,226424.50377318915,922.5419926827165,ND,NORTH DAKOTA
1983,35,860744.7419145422,8967.502803394604,OH,OHIO
1983,36,108657.5219800224,429.793503056267,OK,OKLAHOMA
1983,37,7941.504802661444,36.116829648601644,OR,OREGON
1983,38,159407.6357268173,1496.7340290467755,PA,PENNSYLVANIA
1983,39,0.0,0.0,RI,RHODE ISLAND
1983,40,1393.9948879539625,31.984188023435603,SC,SOUTH CAROLINA
1983,41,590983.1468491746,2867.227169052166,SD,SOUTH DAKOTA
1983,42,4982.7840393980805,20.36166685227364,TN,TENNESSEE
1983,43,141159.98589097065,903.6305536737482,TX,TEXAS
1983,44,0.0,0.0,UT,UTAH
1983,45,6402.534124425396,86.8098602203896,VT,VERMONT
1983,46,45330.6050831172,556.4999270116753,VA,VIRGINIA
1983,47,32265.130785776066,270.8703817366365,WA,WASHINGTON
1983,48,4811.527162260223,55.17828163702298,WV,WEST VIRGINIA
1983,49,758160.7929520191,5429.531620815422,WI,WISCONSIN
1983,50,175.1174824226717,2.6915482107182287,WY,WYOMING
1984,0,125914.03772894418,534.1801817865296,AL,ALABAMA
1984,2,248.47722000681583,15.86217535045263,AZ,ARIZONA
1984,3,75138.249529178,215.31264664609927,AR,ARKANSAS
1984,4,17329.116413262862,297.6700568174593,CA,CALIFORNIA
1984,5,20297.123471591865,397.5762845831027,CO,COLORADO
1984,6,0.0,0.0,CT,CONNECTICUT
1984,7,0.0,0.0,DE,DELAWARE
1984,8,0.0,0.0,DC,DISTRICT OF COLUMBIA
1984,9,8290.192011840089,35.5138398565016,FL,FLORIDA
1984,10,4465.152156207952,31.065137972426204,GA,GEORGIA
1984,12,6.410010981202095,0.4628059372988893,ID,IDAHO
1984,13,4891341.668994756,17962.76871417933,IL,ILLINOIS
1984,14,1419639.9106965752,10365.516276951394,IN,INDIANA
1984,15,2885848.0141254915,23379.556600246277,IA,IOWA
1984,16,1436489.210030323,5526.931266102957,KS,KANSAS
1984,17,35989.39550390826,208.02253338834376,KY,KENTUCKY
1984,18,390964.29194799653,996.4631360971962,LA,LOUISIANA
1984,19,3472.0322129902147,34.936919695158394,ME,MAINE
1984,20,229.7797213556744,1.9817014595259763,MD,MARYLAND
1984,21,1561.160637168204,10.9453977192708,MA,MASSACHUSETTS
1984,22,743039.6759540818,6380.804283221378,MI,MICHIGAN
1984,23,2100808.827276752,9007.522763779049,MN,MINNESOTA
1984,24,354879.7594007532,1279.9214634333157,MS,MISSISSIPPI
1984,25,336133.6510365447,1688.1840269976587,MO,MISSOURI
1984,26,9341.195182352598,82.20514461765137,MT,MONTANA
1984,27,75406.26083662045,746.7687227062146,NE,NEBRASKA
1984,28,0.0,0.0,NV,NEVADA
1984,29,808.9640667368415,7.808143435092487,NH,NEW HAMPSHIRE
1984,30,3.46288275844628,0.0488114061508178,NJ,NEW JERSEY
1984,31,2679.3540469748177,56.221597708347176,NM,NEW MEXICO
1984,32,85348.20481223075,1035.606508055699,NY,NEW YORK
1984,33,75626.61225558582,195.11742095353247,NC,NORTH CAROLINA
1984,34,597575.515777401,2665.682311536755,ND,NORTH DAKOTA
1984,35,75964.76665886046,1203.7435619716289,OH,OHIO
1984,36,120868.48403075612,701.9628127936903,OK,OKLAHOMA
1984,37,3660.127163774573,20.91785322910216,OR,OREGON
1984,38,8847.836298922935,49.1303553400566,PA,PENNSYLVANIA
1984,39,0.0,0.0,RI,RHODE ISLAND
1984,40,126051.2727039292,371.8365776972977,SC,SOUTH CAROLINA
1984,41,202220.38081153424,1153.5587302895444,SD,SOUTH DAKOTA
1984,42,35248.60169577135,252.7447390130721,TN,TENNESSEE
1984,43,1036512.3169517085,5843.749407966521,TX,TEXAS
1984,44,0.0,0.0,UT,UTAH
1984,45,3201.3806769379903,26.15509500077573,VT,VERMONT
1984,46,7040.875945717464,117.52923870775275,VA,VIRGINIA
1984,47,14021.093668771044,115.58994645321428,WA,WASHINGTON
1984,48,2338.5908047273256,37.43227837388433,WV,WEST VIRGINIA
1984,49,1278166.233526055,9726.633648579436,WI,WISCONSIN
1984,50,1050.8815124773564,22.201103377650277,WY,WYOMING
1985,0,121647.91974291098,1326.9126029278418,AL,ALABAMA
1985,2,425.1781705390847,14.633548064752054,AZ,ARIZONA
1985,3,73562.9076317983,239.8530557095401,AR,ARKANSAS
1985,4,12119.188046227038,215.4070650841893,CA,CALIFORNIA
1985,5,25309.943416115,484.8337212480565,CO,COLORADO
1985,6,301.9290679860842,10.681810124876918,CT,CONNECTICUT
1985,7,20045.91919395741,325.04469217417113,DE,DELAWARE
1985,8,0.0,0.0,DC,DISTRICT OF COLUMBIA
1985,9,23635.81952432495,364.77211387482,FL,FLORIDA
1985,10,354636.91455843364,1835.440616368951,GA,GEORGIA
1985,12,470.88151122045895,35.5222165197634,ID,IDAHO
1985,13,3688990.714061026,16630.74572257775,IL,ILLINOIS
1985,14,718012.9580218348,9901.48909573843,IN,INDIANA
1985,15,7036252.831489624,38989.00778420091,IA,IOWA
1985,16,1064561.0072715525,4691.906908320245,KS,KANSAS
1985,17,109158.75978789596,1768.9383407180285,KY,KENTUCKY
1985,18,511314.33951664023,1570.1908382196093,LA,LOUISIANA
1985,19,238.47081734499625,5.035163560449257,ME,MAINE
1985,20,122944.26032275608,1518.180603045298,MD,MARYLAND
1985,21,1598.4366342128324,22.298742213829243,MA,MASSACHUSETTS
1985,22,727570.4848251003,4545.409540534291,MI,MICHIGAN
1985,23,763004.3653242964,7893.173568836507,MN,MINNESOTA
1985,24,514808.7507640626,1950.9867025424967,MS,MISSISSIPPI
1985,25,394314.7523748101,1550.392305668673,MO,MISSOURI
1985,26,22252.01116165062,178.95979219293605,MT,MONTANA
1985,27,506503.766082344,5402.6999777042965,NE,NEBRASKA
1985,28,0.0,0.0,NV,NEVADA
1985,29,623.7439997944978,3.438125952227156,NH,NEW HAMPSHIRE
1985,30,26611.375095203097,279.8789326849647,NJ,NEW JERSEY
1985,31,682.5515170035895,9.93365376555804,NM,NEW MEXICO
1985,32,55405.21829470407,1001.790747388926,NY,NEW YORK
1985,33,502142.9262667869,2497.4604268424278,NC,NORTH CAROLINA
1985,34,418161.94623572455,1954.3122921887275,ND,NORTH DAKOTA
1985,35,153916.7314278883,3867.3480792425858,OH,OHIO
1985,36,25875.27426455096,138.82731963191068,OK,OKLAHOMA
1985,37,26165.76029452286,100.55512253885712,OR,OREGON
1985,38,282793.75230190705,3786.025018560536,PA,PENNSYLVANIA
1985,39,0.0,0.0,RI,RHODE ISLAND
1985,40,212738.24520403144,1148.2642168719235,SC,SOUTH CAROLINA
1985,41,903601.495922498,4050.765743983526,SD,SOUTH DAKOTA
1985,42,336226.45687902364,2336.384726397805,TN,TENNESSEE
1985,43,42234.95589027163,372.38912852472845,TX,TEXAS
1985,44,184.0722751042542,30.645175995197384,UT,UTAH
1985,45,5181.0504513099495,73.55897252930919,VT,VERMONT
1985,46,219994.9825960589,1613.8886635827057,VA,VIRGINIA
1985,47,74599.0346822876,567.6385856809029,WA,WASHINGTON
1985,48,13366.255366388552,203.3698131900004,WV,WEST VIRGINIA
1985,49,993946.8256463448,8642.095141185484,WI,WISCONSIN
1985,50,14919.297138977152,285.70280185507727,WY,WYOMING
1986,0,124184.10576823162,1019.5466515438268,AL,ALABAMA
1986,2,396.10317980119646,23.216251761218228,AZ,ARIZONA
1986,3,9675.99488612759,79.84195853098359,AR,ARKANSAS
1986,4,6388.280391993453,97.94411355854383,CA,CALIFORNIA
1986,5,19402.145903360757,393.0005685966702,CO,COLORADO
1986,6,1907.3268352390717,53.51895196503304,CT,CONNECTICUT
1986,7,103387.6509161788,581.7437956556187,DE,DELAWARE
1986,8,0.0,0.0,DC,DISTRICT OF COLUMBIA
1986,9,89322.60407773452,395.9549872207871,FL,FLORIDA
1986,10,491174.05335872783,1504.288304624215,GA,GEORGIA
1986,12,453.3338508796969,32.96590569584588,ID,IDAHO
1986,13,207214.82095638404,3055.8955264612296,IL,ILLINOIS
1986,14,318100.59868690587,7409.187121984156,IN,INDIANA
1986,15,163739.00162128705,1498.945198118935,IA,IOWA
1986,16,1055214.5443708485,4184.641743344873,KS,KANSAS
1986,17,430282.6568573812,4869.922633068933,KY,KENTUCKY
1986,18,253186.47630606347,1499.9822191578794,LA,LOUISIANA
1986,19,701.9148154625061,10.564314179429845,ME,MAINE
1986,20,190782.63335848425,1532.9781991041846,MD,MARYLAND
1986,21,3475.457015801461,57.09648108337066,MA,MASSACHUSETTS
1986,22,17166.27605509045,186.4173161380052,MI,MICHIGAN
1986,23,99178.73204655624,681.3143988946426,MN,MINNESOTA
1986,24,166016.69296086754,1094.2411391941,MS,MISSISSIPPI
1986,25,208976.32747065445,1739.602879741084,MO,MISSOURI
1986,26,3187.4043734389843,29.67240676187776,MT,MONTANA
1986,27,23422.462179058886,313.9493028496143,NE,NEBRASKA
1986,28,0.0,0.0,NV,NEVADA
1986,29,866.8774849900813,14.807786249538722,NH,NEW HAMPSHIRE
1986,30,44597.14251003356,515.2096212237966,NJ,NEW JERSEY
1986,31,2639.486048150714,36.003128463751096,NM,NEW MEXICO
1986,32,73048.98952319869,1412.740113160239,NY,NEW YORK
1986,33,404173.0356090291,2459.676294335256,NC,NORTH CAROLINA
1986,34,110387.3618031232,498.80173247520753,ND,NORTH DAKOTA
1986,35,60751.14338578132,1854.6590240017931,OH,OHIO
1986,36,58378.91783713203,287.157217855885,OK,OKLAHOMA
1986,37,30209.499626545992,180.94402955221145,OR,OREGON
1986,38,225890.02598032283,3866.902238164805,PA,PENNSYLVANIA
1986,39,984.4773599747328,17.69413434463145,RI,RHODE ISLAND
1986,40,270503.6213277412,1604.990079020075,SC,SOUTH CAROLINA
1986,41,13351.538291593806,231.77046495396283,SD,SOUTH DAKOTA
1986,42,333314.8147563136,2291.9637947946467,TN,TENNESSEE
1986,43,141070.29240754677,1277.5493103517579,TX,TEXAS
1986,44,8.151392855439468,1.2605571106103517,UT,UTAH
1986,45,7665.266348466121,123.99132421837751,VT,VERMONT
1986,46,300667.53729801485,1325.328405394227,VA,VIRGINIA
1986,47,88631.78949823836,649.3163947444676,WA,WASHINGTON
1986,48,10521.440001530098,213.15565986940868,WV,WEST VIRGINIA
1986,49,106156.1096723601,1460.1306312759411,WI,WISCONSIN
1986,50,1136.335623288673,18.71536694239876,WY,WYOMING
1987,0,1348.527952041096,34.32007361132387,AL,ALABAMA
1987,2,384.2257748548848,19.56004691420458,AZ,ARIZONA
1987,3,16737.889339068257,167.51917900106395,AR,ARKANSAS
1987,4,15568.760901100828,260.66992382846206,CA,CALIFORNIA
1987,5,4657.7893127453135,101.23361553436052,CO,COLORADO
1987,6,2180.19654373963,36.07079581587285,CT,CONNECTICUT
1987,7,35009.066174561136,372.04823570090815,DE,DELAWARE
1987,8,0.0,0.0,DC,DISTRICT OF COLUMBIA
1987,9,32910.551548942545,149.975828022891,FL,FLORIDA
1987,10,136553.09239865176,585.872791650984,GA,GEORGIA
1987,12,1751.4664972859389,131.78409766905273,ID,IDAHO
1987,13,6398940.642239628,26683.88097575792,IL,ILLINOIS
1987,14,869593.8930349768,10973.305343957529,IN,INDIANA
1987,15,13880192.630131738,50167.79051709454,IA,IOWA
1987,16,2710.5263001871645,11.007051695065616,KS,KANSAS
1987,17,129592.82339667316,2159.2848235331603,KY,KENTUCKY
1987,18,4019.1302983051046,61.89175462198269,LA,LOUISIANA
1987,19,8269.314848629381,48.59728948448218,ME,MAINE
1987,20,142860.19638430624,980.28894383001,MD,MARYLAND
1987,21,2079.933744930808,48.71140793308079,MA,MASSACHUSETTS
1987,22,1204824.4035417135,7195.364394032829,MI,MICHIGAN
1987,23,10395983.549179291,30757.200443032085,MN,MINNESOTA
1987,24,16465.828657744893,256.9947694392444,MS,MISSISSIPPI
1987,25,638306.2056472319,3778.7275721662872,MO,MISSOURI
1987,26,3103.408804836953,25.105174445797893,MT,MONTANA
1987,27,782871.7241898925,6592.897244476908,NE,NEBRASKA
1987,28,0.0,0.0,NV,NEVADA
1987,29,835.8439819901419,5.677165804291977,NH,NEW HAMPSHIRE
1987,30,15988.656666908017,173.4125795374328,NJ,NEW JERSEY
1987,31,1907.528096107018,36.94328736975636,NM,NEW MEXICO
1987,32,24744.55382532001,361.4667310050438,NY,NEW YORK
1987,33,101114.32122267928,717.6528828341004,NC,NORTH CAROLINA
1987,34,751522.2402025391,3261.404886767016,ND,NORTH DAKOTA
1987,35,114033.92951820415,3346.0994661517248,OH,OHIO
1987,36,12282.755853935078,86.58321743499715,OK,OKLAHOMA
1987,37,56863.73845413771,262.43414644106576,OR,OREGON
1987,38,46229.2295966962,905.215141284854,PA,PENNSYLVANIA
1987,39,0.0,0.0,RI,RHODE ISLAND
1987,40,42289.71643021809,227.24477267193805,SC,SOUTH CAROLINA
1987,41,2610002.6464746334,12486.880203575558,SD,SOUTH DAKOTA
1987,42,93029.66763988863,1074.5359836433652,TN,TENNESSEE
1987,43,55961.86099230107,727.2820747199243,TX,TEXAS
1987,44,602.1196519763754,89.58297373612207,UT,UTAH
1987,45,19198.0966613027,168.9263045395543,VT,VERMONT
1987,46,50434.98562052757,403.7536711853553,VA,VIRGINIA
1987,47,82144.34922604224,618.8692594834718,WA,WASHINGTON
1987,48,3120.526058830801,53.966569237246695,WV,WEST VIRGINIA
1987,49,2095441.5189346184,14185.872352458153,WI,WISCONSIN
1987,50,2426.134459448137,42.184852433614815,WY,WYOMING
1988,0,332350.6231344814,1193.4276302277358,AL,ALABAMA
1988,2,381.1590958201061,20.518317292054235,AZ,ARIZONA
1988,3,91882.32203778972,325.24890759230766,AR,ARKANSAS
1988,4,15641.851029390433,272.5662440655448,CA,CALIFORNIA
1988,5,23677.283697251925,457.6072712684993,CO,COLORADO
1988,6,10389.409397088906,76.90589918913425,CT,CONNECTICUT
1988,7,69812.12046803364,563.885162504465,DE,DELAWARE
1988,8,0.0,0.0,DC,DISTRICT OF COLUMBIA
1988,9,165903.63057206277,491.31559098895286,FL,FLORIDA
1988,10,681453.270572418,1718.8240324752562,GA,GEORGIA
1988,12,2108.497169657387,153.73454167283015,ID,IDAHO
1988,13,23453723.06005977,47967.89387836031,IL,ILLINOIS
1988,14,7754761.104634777,24450.409962394944,IN,INDIANA
1988,15,31807702.513364512,55939.91552331157,IA,IOWA
1988,16,1882773.9467059383,7765.432475865033,KS,KANSAS
1988,17,992528.0096584812,4851.143302457287,KY,KENTUCKY
1988,18,274757.19999047753,848.6975494695513,LA,LOUISIANA
1988,19,341.4562774368508,8.044288675079958,ME,MAINE
1988,20,170797.6488337773,1298.3319336474533,MD,MARYLAND
1988,21,4419.1219293179865,89.62587378698163,MA,MASSACHUSETTS
1988,22,3760125.9229243,9593.509698037047,MI,MICHIGAN
1988,23,15272660.119650569,31317.226866446512,MN,MINNESOTA
1988,24,610153.0370204558,1754.464120584669,MS,MISSISSIPPI
1988,25,4849279.547837001,11824.301224768597,MO,MISSOURI
1988,26,29291.525764596285,198.5937366436181,MT,MONTANA
1988,27,2540022.157242659,10850.283705300935,NE,NEBRASKA
1988,28,0.0,0.0,NV,NEVADA
1988,29,464.1722291421712,12.317336114337312,NH,NEW HAMPSHIRE
1988,30,50561.89642351147,374.3259596738877,NJ,NEW JERSEY
1988,31,574.5906901814208,10.60967459595415,NM,NEW MEXICO
1988,32,385588.4289885623,2955.45650485033,NY,NEW YORK
1988,33,144236.0764636788,1219.3456367669914,NC,NORTH CAROLINA
1988,34,1132788.2700925756,4062.532146659376,ND,NORTH DAKOTA
1988,35,3313928.1921514957,13840.143145687269,OH,OHIO
1988,36,43778.24505410515,458.3887971784598,OK,OKLAHOMA
1988,37,50680.81652863855,181.0640146979576,OR,OREGON
1988,38,454860.191844872,3442.915387053324,PA,PENNSYLVANIA
1988,39,0.0,0.0,RI,RHODE ISLAND
1988,40,404468.2379777681,1413.9664150979695,SC,SOUTH CAROLINA
1988,41,3868715.894308277,13836.226593019044,SD,SOUTH DAKOTA
1988,42,607802.8865647467,2190.290396301408,TN,TENNESSEE
1988,43,600773.4933388894,3949.090670346488,TX,TEXAS
1988,44,391.5290605004065,57.408776828627566,UT,UTAH
1988,45,4735.702930623704,139.52180762183775,VT,VERMONT
1988,46,61773.75388556716,787.4240324502841,VA,VIRGINIA
1988,47,88973.6581559375,634.2680943400019,WA,WASHINGTON
1988,48,7228.179268919572,104.1549945350074,WV,WEST VIRGINIA
1988,49,6654790.141306702,15735.869021436922,WI,WISCONSIN
1988,50,3306.758087094712,56.19971441689924,WY,WYOMING
1989,0,10055.656526081731,259.4992998853818,AL,ALABAMA
1989,2,5534.710632534201,205.23897946357783,AZ,ARIZONA
1989,3,0.0,0.0,AR,ARKANSAS
1989,4,20538.19847926677,333.8282791407795,CA,CALIFORNIA
1989,5,206433.6693467853,3927.0311056632822,CO,COLORADO
1989,6,0.0,0.0,CT,CONNECTICUT
1989,7,0.0,0.0,DE,DELAWARE
1989,8,0.0,0.0,DC,DISTRICT OF COLUMBIA
1989,9,57055.634616107964,364.55204601011746,FL,FLORIDA
1989,10,6426.814715624704,121.83024589590734,GA,GEORGIA
1989,12,914.0843930935752,68.1924307300473,ID,IDAHO
1989,13,5592991.13547626,19602.81500345342,IL,ILLINOIS
1989,14,807300.9488918986,9287.598224976706,IN,INDIANA
1989,15,25535592.53274593,55379.978769963534,IA,IOWA
1989,16,2029969.5293204724,9032.936307713157,KS,KANSAS
1989,17,614.4655179134675,16.325978867638728,KY,KENTUCKY
1989,18,146.35419700125834,9.566097980598911,LA,LOUISIANA
1989,19,420.1562202609858,7.479308107596983,ME,MAINE
1989,20,3748.0068942222497,77.45197949189469,MD,MARYLAND
1989,21,328.3954671760267,4.803039764598685,MA,MASSACHUSETTS
1989,22,714960.2318437255,5962.510707406008,MI,MICHIGAN
1989,23,12497371.76086258,31481.84813934532,MN,MINNESOTA
1989,24,3648.213726854783,87.309578758294,MS,MISSISSIPPI
1989,25,2316463.3329317654,7809.988962660876,MO,MISSOURI
1989,26,9161.54410630104,76.06204730064081,MT,MONTANA
1989,27,3149575.033025336,17621.40985641355,NE,NEBRASKA
1989,28,0.0,0.0,NV,NEVADA
1989,29,400.6880662431507,2.9649747634213317,NH,NEW HAMPSHIRE
1989,30,0.2330326863536718,0.0041114771795654,NJ,NEW JERSEY
1989,31,19199.528004829604,268.0430927031782,NM,NEW MEXICO
1989,32,83059.5458311429,709.5630561326072,NY,NEW YORK
1989,33,3256.4413040765826,74.33263243769821,NC,NORTH CAROLINA
1989,34,1131436.3899568622,4253.883096616539,ND,NORTH DAKOTA
1989,35,561778.7729230071,5650.675824154032,OH,OHIO
1989,36,142452.75926467404,564.1219031319031,OK,OKLAHOMA
1989,37,21646.63373495748,87.01969230585293,OR,OREGON
1989,38,859.7971070925183,8.483220935306962,PA,PENNSYLVANIA
1989,39,278.74129473891594,9.216250611293836,RI,RHODE ISLAND
1989,40,4501.862321555854,38.29920422317214,SC,SOUTH CAROLINA
1989,41,4954706.136129947,18248.577383418982,SD,SOUTH DAKOTA
1989,42,500.09971125334096,20.944758148207647,TN,TENNESSEE
1989,43,243415.82952778484,1527.8144193022465,TX,TEXAS
1989,44,717.509271891197,106.53824127835507,UT,UTAH
1989,45,11258.06171830426,135.0808753076165,VT,VERMONT
1989,46,10932.99033435068,351.0421515762425,VA,VIRGINIA
1989,47,79672.9202000773,593.4771724647624,WA,WASHINGTON
1989,48,2225.51196662014,31.356498240112607,WV,WEST VIRGINIA
1989,49,2353755.686201072,10838.467090382774,WI,WISCONSIN
1989,50,10133.456134816584,243.5727806473098,WY,WYOMING
1990,0,110631.59676254092,328.1290840414794,AL,ALABAMA
1990,2,839.4924464582944,29.113461902908384,AZ,ARIZONA
1990,3,7372.044483635158,20.438163998878544,AR,ARKANSAS
1990,4,25328.1520643821,390.0959852904929,CA,CALIFORNIA
1990,5,219200.0958002481,3933.690433840103,CO,COLORADO
1990,6,24.243015182069172,0.95714128137183,CT,CONNECTICUT
1990,7,1325.25340402342,32.62762520104138,DE,DELAWARE
1990,8,0.0,0.0,DC,DISTRICT OF COLUMBIA
1990,9,120438.02571258441,470.0958700980666,FL,FLORIDA
1990,10,524547.8368347363,1499.0722479984406,GA,GEORGIA
1990,12,2334.7146599909,171.71194972956468,ID,IDAHO
1990,13,793218.2001320828,7656.928940664562,IL,ILLINOIS
1990,14,345473.9403368607,8934.285991984554,IN,INDIANA
1990,15,1103889.3975620142,5889.286739687424,IA,IOWA
1990,16,2393999.84868184,9903.618032554989,KS,KANSAS
1990,17,505490.7452452487,2161.908700750226,KY,KENTUCKY
1990,18,722459.3940276754,1752.5325152269472,LA,LOUISIANA
1990,19,123.30460065143129,3.200255878327709,ME,MAINE
1990,20,36721.336417640334,557.4508797330075,MD,MARYLAND
1990,21,37.16607399775047,2.788863032049281,MA,MASSACHUSETTS
1990,22,81771.81445601233,1046.606064810799,MI,MICHIGAN
1990,23,840147.61016142,5777.765200648173,MN,MINNESOTA
1990,24,350040.09766749386,1117.3602887278112,MS,MISSISSIPPI
1990,25,316619.00115510274,1463.0823321602522,MO,MISSOURI
1990,26,16540.45121360485,154.63387345461808,MT,MONTANA
1990,27,1404437.5333724315,9676.96208689114,NE,NEBRASKA
1990,28,0.0,0.0,NV,NEVADA
1990,29,0.0018398824163162,0.0004017910942921,NH,NEW HAMPSHIRE
1990,30,9734.268774751625,183.5799820421109,NJ,NEW JERSEY
1990,31,12652.29378491562,231.5936519810724,NM,NEW MEXICO
1990,32,54249.00476017992,1119.0749966116991,NY,NEW YORK
1990,33,546154.1148071479,2019.497550908472,NC,NORTH CAROLINA
1990,34,714707.0182559739,3624.28701159396,ND,NORTH DAKOTA
1990,35,58378.17183000388,1789.4947674158916,OH,OHIO
1990,36,171725.89352667882,714.5167095064135,OK,OKLAHOMA
1990,37,62054.09466734524,209.21151109863376,OR,OREGON
1990,38,43515.90155151175,934.2633365012412,PA,PENNSYLVANIA
1990,39,0.0,0.0,RI,RHODE ISLAND
1990,40,709876.0359873566,1586.8732945093495,SC,SOUTH CAROLINA
1990,41,1740576.465087484,11811.80049150941,SD,SOUTH DAKOTA
1990,42,30353.293759151307,239.49615431255907,TN,TENNESSEE
1990,43,710230.2723211845,4155.400122642115,TX,TEXAS
1990,44,1078.3632872693418,156.83720886440472,UT,UTAH
1990,45,7391.839040915808,56.04731040445206,VT,VERMONT
1990,46,13998.914840584424,274.67938279160217,VA,VIRGINIA
1990,47,91721.39440941116,656.1020869773292,WA,WASHINGTON
1990,48,8469.461085750227,113.4143555736121,WV,WEST VIRGINIA
1990,49,36551.82147504087,131.22326926437933,WI,WISCONSIN
1990,50,4316.834272848548,66.42765314018853,WY,WYOMING
1991,0,1335.0874268620678,20.6281514607146,AL,ALABAMA
1991,2,3174.545072763756,125.7164995197658,AZ,ARIZONA
1991,3,651.0956331964162,4.779050600874074,AR,ARKANSAS
1991,4,9632.802128166772,144.50621498552044,CA,CALIFORNIA
1991,5,64047.479880112485,1264.9089743212237,CO,COLORADO
1991,6,19143.486826185366,102.94381667023268,CT,CONNECTICUT
1991,7,268629.4295939374,631.6146822322871,DE,DELAWARE
1991,8,0.0,0.0,DC,DISTRICT OF COLUMBIA
1991,9,778.3451414910083,10.82363121357189,FL,FLORIDA
1991,10,19715.175199871344,81.78880190980978,GA,GEORGIA
1991,12,2665.905310859981,193.08106425968543,ID,IDAHO
1991,13,9048863.295014696,31267.6601723346,IL,ILLINOIS
1991,14,3498654.230275234,20467.387574501117,IN,INDIANA
1991,15,14498203.224158058,40849.44366942372,IA,IOWA
1991,16,2182964.4392722603,10479.83761705618,KS,KANSAS
1991,17,64886.77863463267,316.2691724725454,KY,KENTUCKY
1991,18,0.0,0.0,LA,LOUISIANA
1991,19,558.6699931970518,17.567286470424744,ME,MAINE
1991,20,707329.5687502222,2131.2438633607026,MD,MARYLAND
1991,21,5874.229820061171,81.20573140260436,MA,MASSACHUSETTS
1991,22,1793608.2977222677,8421.39958085234,MI,MICHIGAN
1991,23,1416347.4005312012,5796.389307191384,MN,MINNESOTA
1991,24,42.3263336381161,3.252280936051672,MS,MISSISSIPPI
1991,25,2213577.453978034,7474.922153210643,MO,MISSOURI
1991,26,7029.362649718454,68.25127610564927,MT,MONTANA
1991,27,1475705.8840848538,9776.412827742326,NE,NEBRASKA
1991,28,0.0,0.0,NV,NEVADA
1991,29,873.6808510818336,17.830606442327248,NH,NEW HAMPSHIRE
1991,30,169732.37230524287,491.63899741924666,NJ,NEW JERSEY
1991,31,1392.0697572126196,26.353252503842853,NM,NEW MEXICO
1991,32,193746.22017549744,2777.493918942876,NY,NEW YORK
1991,33,67790.80517236778,827.7793805864409,NC,NORTH CAROLINA
1991,34,425982.20955780806,1567.6537600734114,ND,NORTH DAKOTA
1991,35,1737239.6576016406,11221.599889733108,OH,OHIO
1991,36,155057.60817015448,647.6601229207847,OK,OKLAHOMA
1991,37,47933.94359170282,179.17156014687387,OR,OREGON
1991,38,781864.0447285648,4314.099017624521,PA,PENNSYLVANIA
1991,39,4197.31484788978,26.3824667218822,RI,RHODE ISLAND
1991,40,4138.522466120495,131.8797324432535,SC,SOUTH CAROLINA
1991,41,1260631.904688464,5928.407466249399,SD,SOUTH DAKOTA
1991,42,3185.6814181377317,10.555330986120143,TN,TENNESSEE
1991,43,390547.1347352788,3309.6207840736583,TX,TEXAS
1991,44,451.5687317233673,67.8862789912222,UT,UTAH
1991,45,7365.909904919777,115.67976574729082,VT,VERMONT
1991,46,166156.21244570735,1352.436605769599,VA,VIRGINIA
1991,47,72083.76963529568,545.8223605633608,WA,WASHINGTON
1991,48,31943.915634013956,268.9179793353631,WV,WEST VIRGINIA
1991,49,1344526.9601435403,9079.37168321238,WI,WISCONSIN
1991,50,16637.977698776387,254.0147582888656,WY,WYOMING
1992,0,3145.629151744008,159.54432141078652,AL,ALABAMA
1992,2,3123.021188097733,111.0038373650406,AZ,ARIZONA
1992,3,54.64809610756117,2.6652082455797386,AR,ARKANSAS
1992,4,14158.805057160404,230.69280512459807,CA,CALIFORNIA
1992,5,83902.93373714722,2107.4630047736737,CO,COLORADO
1992,6,14.497901340851062,0.6818263193880006,CT,CONNECTICUT
1992,7,82619.41716340037,602.8472239255533,DE,DELAWARE
1992,8,0.0,0.0,DC,DISTRICT OF COLUMBIA
1992,9,85675.009580844,322.9654279235368,FL,FLORIDA
1992,10,46153.501834964,321.5303906843552,GA,GEORGIA
1992,12,3225.417344304527,233.18925119690883,ID,IDAHO
1992,13,1300897.1969340632,13513.966059078146,IL,ILLINOIS
1992,14,500289.7163480914,10961.346279146355,IN,INDIANA
1992,15,11384.611670863138,459.5672465508934,IA,IOWA
1992,16,1562589.7415928063,7452.092688683389,KS,KANSAS
1992,17,229470.30560526592,3962.2284312753495,KY,KENTUCKY
1992,18,14211.697966103875,57.763769997133615,LA,LOUISIANA
1992,19,652.0057709041636,10.138034128291332,ME,MAINE
1992,20,109505.43352081516,873.7073946916776,MD,MARYLAND
1992,21,510.37564639567887,4.750936935633234,MA,MASSACHUSETTS
1992,22,136386.29810654515,1728.418336837784,MI,MICHIGAN
1992,23,19942.92670486158,253.53114747377413,MN,MINNESOTA
1992,24,32.913150123699594,4.606439877059687,MS,MISSISSIPPI
1992,25,1378185.8969746337,9215.157595056402,MO,MISSOURI
1992,26,14165.41396383992,121.15635931155164,MT,MONTANA
1992,27,485598.2818096292,4319.976607126727,NE,NEBRASKA
1992,28,0.0,0.0,NV,NEVADA
1992,29,230.9735076154649,0.9069114138381904,NH,NEW HAMPSHIRE
1992,30,53326.99476342799,382.8359076854993,NJ,NEW JERSEY
1992,31,5815.980332661095,71.73444116969554,NM,NEW MEXICO
1992,32,21012.237575787934,298.47111281469734,NY,NEW YORK
1992,33,25791.40438417181,404.8313184460702,NC,NORTH CAROLINA
1992,34,176296.07278257838,1473.059188841818,ND,NORTH DAKOTA
1992,35,242097.79601716445,7461.225322254694,OH,OHIO
1992,36,131369.2738910677,504.5079232118326,OK,OKLAHOMA
1992,37,67587.94877894994,271.5000511755484,OR,OREGON
1992,38,67289.5294082401,1350.44768160546,PA,PENNSYLVANIA
1992,39,185.16456072177527,4.411428512405173,RI,RHODE ISLAND
1992,40,129.34523956046246,3.743102120326679,SC,SOUTH CAROLINA
1992,41,651285.0885085592,3625.888324228217,SD,SOUTH DAKOTA
1992,42,48304.68147062666,1022.6689091075884,TN,TENNESSEE
1992,43,162603.68975467567,1098.582202682262,TX,TEXAS
1992,44,1393.7366339915927,200.3102098318911,UT,UTAH
1992,45,6310.636195253907,74.38322645968564,VT,VERMONT
1992,46,9192.062501910184,358.3470088631703,VA,VIRGINIA
1992,47,96589.44173852772,654.3231873535884,WA,WASHINGTON
1992,48,3792.021126167476,59.22614103513693,WV,WEST VIRGINIA
1992,49,117352.53591031076,2000.679085340466,WI,WISCONSIN
1992,50,15341.690553717715,266.81088471190264,WY,WYOMING
1993,0,53288.81833941228,430.1945419270796,AL,ALABAMA
1993,2,13.254523388814023,0.784735815571364,AZ,ARIZONA
1993,3,3238.767611550061,16.847213091748685,AR,ARKANSAS
1993,4,816.921155315805,13.40257247930744,CA,CALIFORNIA
1993,5,23043.916416456446,406.02289164487775,CO,COLORADO
1993,6,16893.487509360944,79.4999148819788,CT,CONNECTICUT
1993,7,145036.58899120742,557.8780681852404,DE,DELAWARE
1993,8,0.0,0.0,DC,DISTRICT OF COLUMBIA
1993,9,118912.00749340118,446.50397557787267,FL,FLORIDA
1993,10,120090.18319806154,574.2824929079371,GA,GEORGIA
1993,12,17.522308408851156,1.2651192627563603,ID,IDAHO
1993,13,0.0,0.0,IL,ILLINOIS
1993,14,4576.512931172751,245.36155692905984,IN,INDIANA
1993,15,0.0,0.0,IA,IOWA
1993,16,5630.746506185489,50.38615899604735,KS,KANSAS
1993,17,110507.90382864625,1082.94859871588,KY,KENTUCKY
1993,18,0.0,0.0,LA,LOUISIANA
1993,19,2356.728435879034,27.150384402356227,ME,MAINE
1993,20,210684.7752651205,802.6521137064007,MD,MARYLAND
1993,21,3189.647367166018,70.48947902951207,MA,MASSACHUSETTS
1993,22,26022.992992065007,533.7041893965644,MI,MICHIGAN
1993,23,3355.2279864311545,118.17142365017946,MN,MINNESOTA
1993,24,3062.9337717824787,13.795743121686268,MS,MISSISSIPPI
1993,25,11549.770539231817,39.67573171339157,MO,MISSOURI
1993,26,378.3490917952524,6.380348743145552,MT,MONTANA
1993,27,0.0,0.0,NE,NEBRASKA
1993,28,0.0,0.0,NV,NEVADA
1993,29,772.4252586544229,2.1571862154474366,NH,NEW HAMPSHIRE
1993,30,70693.55705276487,355.4678823137266,NJ,NEW JERSEY
1993,31,2836.0931461948567,42.69656992081715,NM,NEW MEXICO
1993,32,20848.23484913265,554.6977167976362,NY,NEW YORK
1993,33,449437.6215268002,2343.330074374536,NC,NORTH CAROLINA
1993,34,869.9196992459728,7.297629837680191,ND,NORTH DAKOTA
1993,35,185382.10598739807,5149.123285374513,OH,OHIO
1993,36,1334.981637249835,29.62693714912716,OK,OKLAHOMA
1993,37,13591.31889302345,48.57285503907477,OR,OREGON
1993,38,173896.88133771712,2008.491704212613,PA,PENNSYLVANIA
1993,39,0.0,0.0,RI,RHODE ISLAND
1993,40,253861.4268381392,949.9961053945613,SC,SOUTH CAROLINA
1993,41,20.691180956334183,0.4527814072876038,SD,SOUTH DAKOTA
1993,42,126960.04871187282,714.1096259194404,TN,TENNESSEE
1993,43,218717.7209875089,1720.6525539796485,TX,TEXAS
1993,44,590.8108655548001,84.85494807535827,UT,UTAH
1993,45,3831.8021940913673,66.87649289985248,VT,VERMONT
1993,46,191226.75927487583,882.5111056270921,VA,VIRGINIA
1993,47,47486.372985207214,323.89291887062683,WA,WASHINGTON
1993,48,2738.623875899338,52.06527802103441,WV,WEST VIRGINIA
1993,49,105.17323974492052,11.49251560331591,WI,WISCONSIN
1993,50,430.2198938979403,6.966717180007178,WY,WYOMING
1994,0,11318.893206154546,152.73041010579894,AL,ALABAMA
1994,2,2462.372204860413,86.89801810048942,AZ,ARIZONA
1994,3,17496.69607133881,89.6222750293919,AR,ARKANSAS
1994,4,19775.65047713985,313.57460219116336,CA,CALIFORNIA
1994,5,235455.11119923904,4135.799314322991,CO,COLORADO
1994,6,2117.069776881631,53.55743467396884,CT,CONNECTICUT
1994,7,31658.828044654467,349.5694239991888,DE,DELAWARE
1994,8,0.0,0.0,DC,DISTRICT OF COLUMBIA
1994,9,7464.700864865115,47.46172065682903,FL,FLORIDA
1994,10,11157.065114062283,193.8175805690292,GA,GEORGIA
1994,12,3067.674810173913,223.3315815581204,ID,IDAHO
1994,13,251407.42297002173,1640.4252731391969,IL,ILLINOIS
1994,14,79210.53325382652,1327.522325865627,IN,INDIANA
1994,15,279151.8289599511,1470.5937645681652,IA,IOWA
1994,16,2616825.076282897,11436.037356401092,KS,KANSAS
1994,17,0.0,0.0,KY,KENTUCKY
1994,18,567.6137238679687,6.10762170983161,LA,LOUISIANA
1994,19,2497.4991864164112,27.304897722066045,ME,MAINE
1994,20,109264.20667703316,976.2686862861262,MD,MARYLAND
1994,21,3020.5149024889024,47.38323284175516,MA,MASSACHUSETTS
1994,22,121605.63498335556,1722.4168893267197,MI,MICHIGAN
1994,23,154306.12557887263,1948.102246022245,MN,MINNESOTA
1994,24,6.523594039241153,0.8661116974456786,MS,MISSISSIPPI
1994,25,905308.9053615864,4469.096777055218,MO,MISSOURI
1994,26,11790.480717573057,84.42247757825132,MT,MONTANA
1994,27,1678350.5925098478,9228.900726880129,NE,NEBRASKA
1994,28,0.0,0.0,NV,NEVADA
1994,29,875.1733981134031,10.146347586198978,NH,NEW HAMPSHIRE
1994,30,22615.876761935466,312.4669486920079,NJ,NEW JERSEY
1994,31,33571.634270986375,471.621276343909,NM,NEW MEXICO
1994,32,64029.71195413663,856.420218400272,NY,NEW YORK
1994,33,120516.86232833283,1343.1485434336337,NC,NORTH CAROLINA
1994,34,236386.4037394334,1484.632264662737,ND,NORTH DAKOTA
1994,35,46728.73540004037,1174.808818879775,OH,OHIO
1994,36,254881.50537735532,1199.350344717997,OK,OKLAHOMA
1994,37,61597.84475303705,205.86198326380003,OR,OREGON
1994,38,30848.60256651026,737.194411236522,PA,PENNSYLVANIA
1994,39,381.13900427964063,12.675122156029945,RI,RHODE ISLAND
1994,40,54642.08796453434,626.4592530772284,SC,SOUTH CAROLINA
1994,41,1548979.8502379004,8308.75735370777,SD,SOUTH DAKOTA
1994,42,1242.453265737638,16.075200907407666,TN,TENNESSEE
1994,43,930309.417651978,5860.713538834894,TX,TEXAS
1994,44,1544.7610687472006,223.43375082490485,UT,UTAH
1994,45,8252.225731506674,55.02238376816278,VT,VERMONT
1994,46,112088.30284565577,841.0674887034025,VA,VIRGINIA
1994,47,87288.4138946872,599.0196681813165,WA,WASHINGTON
1994,48,1128.122006917653,18.94783127007097,WV,WEST VIRGINIA
1994,49,480300.1131395156,4837.187250616536,WI,WISCONSIN
1994,50,23527.633942619686,363.1390678220348,WY,WYOMING
1995,0,31404.29903277891,230.60468063927368,AL,ALABAMA
1995,2,180.05529780329263,7.209192141301902,AZ,ARIZONA
1995,3,2249.6690767185178,20.48064626660526,AR,ARKANSAS
1995,4,1404.930375713683,20.93515929114617,CA,CALIFORNIA
1995,5,33077.185663919096,560.66322100568,CO,COLORADO
1995,6,1176.2390028446769,47.15188315434065,CT,CONNECTICUT
1995,7,33476.870867415644,375.42865801202726,DE,DELAWARE
1995,8,0.0,0.0,DC,DISTRICT OF COLUMBIA
1995,9,3961.5428089876173,31.801719381408574,FL,FLORIDA
1995,10,34270.881041603425,198.56059904969192,GA,GEORGIA
1995,12,424.38147603706585,30.64055075187836,ID,IDAHO
1995,13,107705.81594584323,760.9315324503636,IL,ILLINOIS
1995,14,120194.91873579178,2686.177707695275,IN,INDIANA
1995,15,15226.633281025252,50.60344192611924,IA,IOWA
1995,16,110467.97793377373,1026.5221385828609,KS,KANSAS
1995,17,188945.8028468509,2518.47247702138,KY,KENTUCKY
1995,18,29446.974709580758,96.10617819351975,LA,LOUISIANA
1995,19,245.3828275840677,5.755897569811441,ME,MAINE
1995,20,117506.25278488532,1207.0705499334415,MD,MARYLAND
1995,21,1441.1283214091422,48.77371648267175,MA,MASSACHUSETTS
1995,22,99368.61314383698,1624.6720096016222,MI,MICHIGAN
1995,23,48800.504363974425,314.26263409430646,MN,MINNESOTA
1995,24,20974.20782959524,141.67402600084893,MS,MISSISSIPPI
1995,25,38794.33893448104,526.3972846398558,MO,MISSOURI
1995,26,146.8041503608589,0.9984721703722448,MT,MONTANA
1995,27,42614.289444732094,182.4071784015485,NE,NEBRASKA
1995,28,0.0,0.0,NV,NEVADA
1995,29,311.9808512283104,3.2562300231873147,NH,NEW HAMPSHIRE
1995,30,24877.265639066773,262.77537796796736,NJ,NEW JERSEY
1995,31,21175.60463725284,315.64377956569984,NM,NEW MEXICO
1995,32,198299.21555994987,3251.619615067212,NY,NEW YORK
1995,33,28552.33045584988,963.5162998284164,NC,NORTH CAROLINA
1995,34,3330.742759039128,51.604572373850445,ND,NORTH DAKOTA
1995,35,184322.73514648588,1695.5598488902365,OH,OHIO
1995,36,87152.65259946526,382.0006104011368,OK,OKLAHOMA
1995,37,4074.5953143580514,18.3489395098352,OR,OREGON
1995,38,207189.60843026085,2933.2622943526867,PA,PENNSYLVANIA
1995,39,720.2922507825303,18.012377244541906,RI,RHODE ISLAND
1995,40,3006.9646350678563,50.31786740435057,SC,SOUTH CAROLINA
1995,41,18796.279678424347,100.7784261886376,SD,SOUTH DAKOTA
1995,42,185545.15627680303,1518.6488998550522,TN,TENNESSEE
1995,43,467150.05470172287,2799.6528961273866,TX,TEXAS
1995,44,877.0961642910073,128.17169469565152,UT,UTAH
1995,45,2327.921345460516,58.89699807143922,VT,VERMONT
1995,46,35886.86156408355,508.39158897210206,VA,VIRGINIA
1995,47,2943.8603285145064,20.469705761780936,WA,WASHINGTON
1995,48,5228.232932569547,71.78273708412272,WV,WEST VIRGINIA
1995,49,249631.59411109556,2885.183447924963,WI,WISCONSIN
1995,50,331.1652355354195,4.978499055266738,WY,WYOMING
1996,0,54594.193073499686,343.71451354022065,AL,ALABAMA
1996,2,5164.637504240973,196.6222319177092,AZ,ARIZONA
1996,3,144201.74817827862,408.8778750860554,AR,ARKANSAS
1996,4,3817.931734503909,57.44394729935064,CA,CALIFORNIA
1996,5,114832.88199751863,2480.0274509769697,CO,COLORADO
1996,6,772.6550585648085,29.648467913120346,CT,CONNECTICUT
1996,7,0.0,0.0,DE,DELAWARE
1996,8,0.0,0.0,DC,DISTRICT OF COLUMBIA
1996,9,4556.179306665474,43.05208164005288,FL,FLORIDA
1996,10,184585.10235325308,590.4044673681343,GA,GEORGIA
1996,12,224.80857541024952,16.353042244566026,ID,IDAHO
1996,13,1192880.3535439735,7913.676203479425,IL,ILLINOIS
1996,14,671325.6837301997,4319.616218851192,IN,INDIANA
1996,15,1260810.9290628096,8714.809975891922,IA,IOWA
1996,16,1392286.1691845648,7812.381325693637,KS,KANSAS
1996,17,247345.75519049773,1102.6401193987022,KY,KENTUCKY
1996,18,585928.3948582171,1692.5898845996674,LA,LOUISIANA
1996,19,544.2150948656184,2.571065662176824,ME,MAINE
1996,20,0.0,0.0,MD,MARYLAND
1996,21,596.8966844937147,2.974012659765625,MA,MASSACHUSETTS
1996,22,135611.71335808,3181.8198832200064,MI,MICHIGAN
1996,23,5652747.431705967,24190.96851141174,MN,MINNESOTA
1996,24,490164.529890527,2035.302811658931,MS,MISSISSIPPI
1996,25,1295200.935666801,5297.497278526871,MO,MISSOURI
1996,26,7665.115005001291,61.43801358613378,MT,MONTANA
1996,27,801945.0820661307,4601.706566866176,NE,NEBRASKA
1996,28,0.0,0.0,NV,NEVADA
1996,29,811.5585642990936,1.8468422362575512,NH,NEW HAMPSHIRE
1996,30,0.0,0.0,NJ,NEW JERSEY
1996,31,25706.508432523977,472.8341226204507,NM,NEW MEXICO
1996,32,5938.267953830748,74.49660634997377,NY,NEW YORK
1996,33,190485.7210510577,1066.9163758776313,NC,NORTH CAROLINA
1996,34,296166.3091249174,1711.8729487330318,ND,NORTH DAKOTA
1996,35,266548.78421450855,3009.5547177226345,OH,OHIO
1996,36,271865.4039505959,1431.149300145733,OK,OKLAHOMA
1996,37,2120.433869650286,10.905074046051723,OR,OREGON
1996,38,2035.467386719359,103.60952269925946,PA,PENNSYLVANIA
1996,39,0.0,0.0,RI,RHODE ISLAND
1996,40,411178.3839245533,1469.849359519363,SC,SOUTH CAROLINA
1996,41,1320873.0776370803,6220.5601680380605,SD,SOUTH DAKOTA
1996,42,371784.51056016766,1428.8347367169763,TN,TENNESSEE
1996,43,1339929.8032610896,7132.286193447012,TX,TEXAS
1996,44,1105.9179262512052,164.63555810963732,UT,UTAH
1996,45,5070.655359630685,47.344687584321385,VT,VERMONT
1996,46,0.0,0.0,VA,VIRGINIA
1996,47,5576.42554045068,45.74528176678527,WA,WASHINGTON
1996,48,0.0,0.0,WV,WEST VIRGINIA
1996,49,1009835.705380068,9174.331440030672,WI,WISCONSIN
1996,50,8172.218448664656,176.80129341574323,WY,WYOMING
1997,0,2681.161512963052,79.58909683993193,AL,ALABAMA
1997,2,4222.862913832952,164.193356666618,AZ,ARIZONA
1997,3,451.9993587388552,13.084163709472922,AR,ARKANSAS
1997,4,19000.8316606246,338.03556577608214,CA,CALIFORNIA
1997,5,57296.59263287631,1489.386721003675,CO,COLORADO
1997,6,771.5473191166353,20.43256109135628,CT,CONNECTICUT
1997,7,76052.12632905961,520.4757637571577,DE,DELAWARE
1997,8,0.0,0.0,DC,DISTRICT OF COLUMBIA
1997,9,569.8654786965682,11.495284116473274,FL,FLORIDA
1997,10,31.03308956056889,5.896499420418689,GA,GEORGIA
1997,12,21.41804872026585,1.5463936243112335,ID,IDAHO
1997,13,3132239.600549846,15949.603801948226,IL,ILLINOIS
1997,14,371073.3187699569,2510.394886276933,IN,INDIANA
1997,15,5574987.095390601,25649.60310233744,IA,IOWA
1997,16,1548168.8040157072,7775.373140601565,KS,KANSAS
1997,17,245.97856503786107,8.907282796192836,KY,KENTUCKY
1997,18,1098.7708278437735,8.05914626910076,LA,LOUISIANA
1997,19,1883.95358529347,31.233377636361737,ME,MAINE
1997,20,193067.9857736664,1287.604613716749,MD,MARYLAND
1997,21,4436.620898837055,62.81122661687613,MA,MASSACHUSETTS
1997,22,551586.064508856,4436.10390300112,MI,MICHIGAN
1997,23,1731046.4441723332,12515.166770652257,MN,MINNESOTA
1997,24,0.0,0.0,MS,MISSISSIPPI
1997,25,2710448.6090764888,9706.905623362683,MO,MISSOURI
1997,26,3744.359184127408,31.907087711815507,MT,MONTANA
1997,27,1485825.32208319,8892.859087939989,NE,NEBRASKA
1997,28,0.0,0.0,NV,NEVADA
1997,29,968.1693282371336,4.497947988907295,NH,NEW HAMPSHIRE
1997,30,77007.49974314851,467.3494799046428,NJ,NEW JERSEY
1997,31,7831.488877309524,125.58050850786888,NM,NEW MEXICO
1997,32,327844.66554640257,3406.833763400899,NY,NEW YORK
1997,33,49137.74468391421,893.8535155688512,NC,NORTH CAROLINA
1997,34,75069.70703249579,605.2068382725571,ND,NORTH DAKOTA
1997,35,363864.1343274419,2877.157113485552,OH,OHIO
1997,36,65885.7498813062,294.70080310706135,OK,OKLAHOMA
1997,37,576.8658699823817,2.094092196918212,OR,OREGON
1997,38,186179.78524240217,2045.6968101978275,PA,PENNSYLVANIA
1997,39,697.1934094856178,16.446674954926664,RI,RHODE ISLAND
1997,40,18.8690064417512,1.4491461107053678,SC,SOUTH CAROLINA
1997,41,95523.628897556,919.605632138301,SD,SOUTH DAKOTA
1997,42,1873.8902605590888,89.10289978124311,TN,TENNESSEE
1997,43,102449.58337136611,1075.752778389574,TX,TEXAS
1997,44,149.69024133925984,22.570260750428275,UT,UTAH
1997,45,12871.793899023662,109.32384363791869,VT,VERMONT
1997,46,73755.92701275319,706.2372251218038,VA,VIRGINIA
1997,47,193.35839529465676,2.8183555812640373,WA,WASHINGTON
1997,48,12539.410251036905,134.64410325539626,WV,WEST VIRGINIA
1997,49,978660.0062641564,7845.946193927171,WI,WISCONSIN
1997,50,2386.025206942164,94.5149701084586,WY,WYOMING
1998,0,204171.46720273443,567.2573921491933,AL,ALABAMA
1998,2,2603.7813747796404,103.79107309475296,AZ,ARIZONA
1998,3,120503.29180273516,344.89076607572645,AR,ARKANSAS
1998,4,4476.444390034892,66.63926141281894,CA,CALIFORNIA
1998,5,87285.84466929475,1798.0440154089554,CO,COLORADO
1998,6,574.2045104497687,22.52649236603524,CT,CONNECTICUT
1998,7,20786.665038051964,246.19505491415663,DE,DELAWARE
1998,8,0.0,0.0,DC,DISTRICT OF COLUMBIA
1998,9,264927.14196128043,605.1562763170886,FL,FLORIDA
1998,10,668090.7273711477,1311.435409627312,GA,GEORGIA
1998,12,13.753933064422196,1.0104303673586512,ID,IDAHO
1998,13,332872.10726615944,3544.276163860677,IL,ILLINOIS
1998,14,146451.71935162213,6091.296337281216,IN,INDIANA
1998,15,1281687.6801033884,8982.938986126024,IA,IOWA
1998,16,1831829.5067566228,7745.628397998273,KS,KANSAS
1998,17,31510.820272790275,307.73973095588065,KY,KENTUCKY
1998,18,365197.7543682531,890.6485329237468,LA,LOUISIANA
1998,19,613.9563033247666,11.868029455112502,ME,MAINE
1998,20,33759.353748028734,324.82890624876785,MD,MARYLAND
1998,21,382.8830326460126,11.401566756132148,MA,MASSACHUSETTS
1998,22,103973.84415923126,2031.3957673036905,MI,MICHIGAN
1998,23,599713.784285183,7061.3410608852655,MN,MINNESOTA
1998,24,454202.6576298359,1385.031455314782,MS,MISSISSIPPI
1998,25,181974.48840906215,2516.593769906553,MO,MISSOURI
1998,26,17781.92839623586,161.35355576812208,MT,MONTANA
1998,27,341742.5600511873,2595.4676601575097,NE,NEBRASKA
1998,28,0.0,0.0,NV,NEVADA
1998,29,252.8481214019728,1.849617302821451,NH,NEW HAMPSHIRE
1998,30,13926.030555083607,192.87626835179023,NJ,NEW JERSEY
1998,31,28726.720217810223,372.2632265371183,NM,NEW MEXICO
1998,32,79089.28201321796,1299.1970793457413,NY,NEW YORK
1998,33,86654.49431442465,405.9810167049265,NC,NORTH CAROLINA
1998,34,277907.25903127354,1922.7673047571752,ND,NORTH DAKOTA
1998,35,52755.65962885184,2087.718766880876,OH,OHIO
1998,36,248144.339743599,1295.3365067102045,OK,OKLAHOMA
1998,37,212.9880043373373,0.6772897311228895,OR,OREGON
1998,38,69002.97077702184,1194.2125498266664,PA,PENNSYLVANIA
1998,39,36.72410935324493,3.0392606768568373,RI,RHODE ISLAND
1998,40,212868.8772111176,665.7562944489727,SC,SOUTH CAROLINA
1998,41,187463.302589603,2919.4169729508253,SD,SOUTH DAKOTA
1998,42,142545.39825121453,522.4869271084299,TN,TENNESSEE
1998,43,1386926.3752082167,7236.4439725961,TX,TEXAS
1998,44,105.7302257809698,15.3059437325281,UT,UTAH
1998,45,2336.2323724100047,41.29257658997923,VT,VERMONT
1998,46,62586.500141144046,514.4589534096153,VA,VIRGINIA
1998,47,3345.211977548326,34.04351095160608,WA,WASHINGTON
1998,48,4979.76945534972,71.2552604794921,WV,WEST VIRGINIA
1998,49,378117.454681502,5139.526508349734,WI,WISCONSIN
1998,50,21881.572647764813,338.40727879262084,WY,WYOMING
1999,0,118011.06547454443,1061.7767932132888,AL,ALABAMA
1999,2,3622.6375115935775,131.6322202182652,AZ,ARIZONA
1999,3,623.0934471688943,10.027336156672623,AR,ARKANSAS
1999,4,9383.821518138284,157.48568268189732,CA,CALIFORNIA
1999,5,41097.91915750098,1076.450700581502,CO,COLORADO
1999,6,28466.814496898747,107.25633432908263,CT,CONNECTICUT
1999,7,138704.4183728661,587.9678914978424,DE,DELAWARE
1999,8,0.0,0.0,DC,DISTRICT OF COLUMBIA
1999,9,22017.520800950657,242.6705867871671,FL,FLORIDA
1999,10,161332.8420415239,1473.5699807528813,GA,GEORGIA
1999,12,2010.9803605778848,145.82353603639595,ID,IDAHO
1999,13,772659.3276347402,7225.043090087131,IL,ILLINOIS
1999,14,981737.9614084732,11364.261051617716,IN,INDIANA
1999,15,49936.87209652856,643.6236072426534,IA,IOWA
1999,16,11400.017958845216,61.10224579010512,KS,KANSAS
1999,17,133488.44777606108,1632.643724425376,KY,KENTUCKY
1999,18,193731.93700278224,911.1595768103446,LA,LOUISIANA
1999,19,1130.642413482378,14.333561543998204,ME,MAINE
1999,20,805577.1265022813,2243.6708990916545,MD,MARYLAND
1999,21,25629.51991767214,139.64995463713066,MA,MASSACHUSETTS
1999,22,254781.55647976912,4574.216731400204,MI,MICHIGAN
1999,23,148176.41327659387,1464.3552705849954,MN,MINNESOTA
1999,24,293055.54574224504,1610.6639327843566,MS,MISSISSIPPI
1999,25,112548.23531656056,1025.8697990233677,MO,MISSOURI
1999,26,10067.847889917111,82.59119790067581,MT,MONTANA
1999,27,135484.88779449198,589.4874615320441,NE,NEBRASKA
1999,28,0.0,0.0,NV,NEVADA
1999,29,2462.727387160884,18.9353226028647,NH,NEW HAMPSHIRE
1999,30,165121.10800370533,547.460902588108,NJ,NEW JERSEY
1999,31,4020.6520102385066,72.82993788991094,NM,NEW MEXICO
1999,32,95218.49478012076,1492.900389808989,NY,NEW YORK
1999,33,139751.85224479286,1527.7191306935508,NC,NORTH CAROLINA
1999,34,1493.066120799167,23.685866913241863,ND,NORTH DAKOTA
1999,35,799477.7853919548,10123.563472712694,OH,OHIO
1999,36,1103.470510269746,27.54363569909223,OK,OKLAHOMA
1999,37,27949.4020878288,124.13108905723618,OR,OREGON
1999,38,1001981.6998575886,4052.791091175631,PA,PENNSYLVANIA
1999,39,8637.651503885045,34.83324693399135,RI,RHODE ISLAND
1999,40,63451.7246383804,685.1086311693853,SC,SOUTH CAROLINA
1999,41,41874.36539643177,334.26000386369003,SD,SOUTH DAKOTA
1999,42,145835.5408203329,1716.510860132673,TN,TENNESSEE
1999,43,89602.50565105735,725.9830286586396,TX,TEXAS
1999,44,2139.741378662962,311.1065634653299,UT,UTAH
1999,45,4455.012665515832,62.18839032504791,VT,VERMONT
1999,46,251529.0806745967,1363.0582169903778,VA,VIRGINIA
1999,47,17029.92992045385,139.9527728108475,WA,WASHINGTON
1999,48,28569.786529848298,141.27003698803844,WV,WEST VIRGINIA
1999,49,149980.3857949734,1921.0208563960384,WI,WISCONSIN
1999,50,12971.567703001554,231.1988677947469,WY,WYOMING
2000,0,226127.43447033624,1052.4619466225222,AL,ALABAMA
2000,2,7118.924219004513,295.4386170773081,AZ,ARIZONA
2000,3,19148.086010064835,127.77569152686247,AR,ARKANSAS
2000,4,4979.297595438588,75.6499223344615,CA,CALIFORNIA
2000,5,208986.13660762057,3758.696453431432,CO,COLORADO
2000,6,32.36053716754136,0.3395272681863623,CT,CONNECTICUT
2000,7,0.0,0.0,DE,DELAWARE
2000,8,0.0,0.0,DC,DISTRICT OF COLUMBIA
2000,9,238666.20753607788,791.2799864782535,FL,FLORIDA
2000,10,734637.636430432,1887.7829639540423,GA,GEORGIA
2000,12,2343.2621485523164,170.52246426559773,ID,IDAHO
2000,13,5821736.7084605405,34535.21736407323,IL,ILLINOIS
2000,14,1485495.0693287598,13258.955787521309,IN,INDIANA
2000,15,16787458.270614855,46649.75462723328,IA,IOWA
2000,16,2252296.9202388693,9117.5031028118,KS,KANSAS
2000,17,67756.93630131202,1197.6481828795677,KY,KENTUCKY
2000,18,532592.4529893651,1533.8180555144775,LA,LOUISIANA
2000,19,2598.879208097169,47.83584694855638,ME,MAINE
2000,20,8943.696335527298,64.42290016912739,MD,MARYLAND
2000,21,205.3232400788656,5.552682608884191,MA,MASSACHUSETTS
2000,22,293202.9318453121,5799.232581676791,MI,MICHIGAN
2000,23,5627443.091136563,23823.656454742308,MN,MINNESOTA
2000,24,557729.3592686509,2214.1065577391564,MS,MISSISSIPPI
2000,25,1945361.9284800051,10339.529027541214,MO,MISSOURI
2000,26,15264.37436077524,116.98148537589852,MT,MONTANA
2000,27,4502782.791532282,19129.68751738348,NE,NEBRASKA
2000,28,0.0,0.0,NV,NEVADA
2000,29,628.7469230821966,1.3790725677159958,NH,NEW HAMPSHIRE
2000,30,624.1417328415264,6.810550570064425,NJ,NEW JERSEY
2000,31,40364.19524777541,630.7624478712698,NM,NEW MEXICO
2000,32,5726.610337136011,45.486785895406,NY,NEW YORK
2000,33,278964.8008637528,1468.2784308756036,NC,NORTH CAROLINA
2000,34,272886.87520895066,1954.8400921411865,ND,NORTH DAKOTA
2000,35,1027820.1340469208,8327.591787437212,OH,OHIO
2000,36,173436.77942870453,773.0413945051855,OK,OKLAHOMA
2000,37,31391.63901444756,125.24914876312718,OR,OREGON
2000,38,55354.59931976469,690.5866071667899,PA,PENNSYLVANIA
2000,39,0.0,0.0,RI,RHODE ISLAND
2000,40,334346.60048905166,1376.3532615957645,SC,SOUTH CAROLINA
2000,41,4290910.830156742,16353.298415632493,SD,SOUTH DAKOTA
2000,42,195312.22685704,1398.540518144,TN,TENNESSEE
2000,43,695472.399610881,5324.856511696129,TX,TEXAS
2000,44,2132.9009792386446,310.8874061265017,UT,UTAH
2000,45,8418.312712250805,63.85428796443543,VT,VERMONT
2000,46,1389.597230066985,39.21372839416796,VA,VIRGINIA
2000,47,12147.695163398515,108.7368182710652,WA,WASHINGTON
2000,48,5257.596706172771,91.24917401532454,WV,WEST VIRGINIA
2000,49,225809.2309903185,3907.167721893952,WI,WISCONSIN
2000,50,26247.733101269707,395.5567577066123,WY,WYOMING
2001,0,6081.959484909532,73.31284901973382,AL,ALABAMA
2001,2,4948.858844508159,175.77617239242244,AZ,ARIZONA
2001,3,64494.51333049374,311.5503146649969,AR,ARKANSAS
2001,4,4802.246790745993,92.19097947390443,CA,CALIFORNIA
2001,5,180081.36518536712,3103.039606783876,CO,COLORADO
2001,6,416.8500564577906,10.418548965789348,CT,CONNECTICUT
2001,7,26375.97799453032,313.9644910071405,DE,DELAWARE
2001,8,0.0,0.0,DC,DISTRICT OF COLUMBIA
2001,9,67495.98424870416,510.76557123781447,FL,FLORIDA
2001,10,150447.56688212455,693.0017978121798,GA,GEORGIA
2001,12,2795.978422835889,202.25942463409925,ID,IDAHO
2001,13,5105200.326000336,31377.86392123197,IL,ILLINOIS
2001,14,1391125.171150769,12344.82399360028,IN,INDIANA
2001,15,6548889.866062209,22012.43683940772,IA,IOWA
2001,16,1138503.2167061248,4523.028949422077,KS,KANSAS
2001,17,494744.2306701639,3263.5656199504187,KY,KENTUCKY
2001,18,16476.129796991805,204.6578586914593,LA,LOUISIANA
2001,19,3136.2045224743115,73.07025414953796,ME,MAINE
2001,20,23796.4075278834,290.1632001117629,MD,MARYLAND
2001,21,229.74486789476884,10.398934713555228,MA,MASSACHUSETTS
2001,22,710926.5442356279,7397.993012969942,MI,MICHIGAN
2001,23,5187503.239183795,19065.44440212622,MN,MINNESOTA
2001,24,180684.18060979925,691.7118876095778,MS,MISSISSIPPI
2001,25,97334.00703780352,1080.6294906846483,MO,MISSOURI
2001,26,14080.40206247513,107.7237922537646,MT,MONTANA
2001,27,912710.9883549876,4235.218833974031,NE,NEBRASKA
2001,28,0.0,0.0,NV,NEVADA
2001,29,665.964819283677,2.196091723520641,NH,NEW HAMPSHIRE
2001,30,7256.462252464547,149.32655394916597,NJ,NEW JERSEY
2001,31,30366.14321385564,376.9912708700974,NM,NEW MEXICO
2001,32,112836.75401188702,1797.4900109445632,NY,NEW YORK
2001,33,109119.45234440728,1705.3151748638827,NC,NORTH CAROLINA
2001,34,108237.5579394968,733.5794237483631,ND,NORTH DAKOTA
2001,35,507689.9135943796,7729.632463664569,OH,OHIO
2001,36,125093.8906428167,596.0316223211706,OK,OKLAHOMA
2001,37,29804.48504735672,96.76087241958317,OR,OREGON
2001,38,116502.0690278211,2114.976903194532,PA,PENNSYLVANIA
2001,39,178.13130987721496,6.029364752008682,RI,RHODE ISLAND
2001,40,33391.621943539336,429.8521901790214,SC,SOUTH CAROLINA
2001,41,1413893.1546346992,6871.385333306531,SD,SOUTH DAKOTA
2001,42,249027.2444527491,1611.4429882890497,TN,TENNESSEE
2001,43,266752.75887950906,1691.9187769172418,TX,TEXAS
2001,44,2342.8953607346725,335.8088365512853,UT,UTAH
2001,45,5726.640437246235,84.99717067143351,VT,VERMONT
2001,46,7942.464291179656,172.7170799132009,VA,VIRGINIA
2001,47,18046.25170102106,125.8447309507247,WA,WASHINGTON
2001,48,4164.948247394455,74.92616541969998,WV,WEST VIRGINIA
2001,49,1594788.9507866255,13223.07527151846,WI,WISCONSIN
2001,50,26555.68342675869,405.5051178467299,WY,WYOMING
2002,0,167460.60044859158,1095.7316867191078,AL,ALABAMA
2002,2,10493.147336034235,393.797627281524,AZ,ARIZONA
2002,3,55927.81060364044,169.17208233548962,AR,ARKANSAS
2002,4,17399.107891159176,277.44954741034564,CA,CALIFORNIA
2002,5,248005.1724158543,4153.800411537481,CO,COLORADO
2002,6,536.9320491036523,26.31563208732776,CT,CONNECTICUT
2002,7,79214.35031890273,494.1771550644122,DE,DELAWARE
2002,8,0.0,0.0,DC,DISTRICT OF COLUMBIA
2002,9,41211.75141874113,452.6717344115009,FL,FLORIDA
2002,10,213608.14245971013,1377.204172207978,GA,GEORGIA
2002,12,1233.6924504940905,91.2366015479697,ID,IDAHO
2002,13,8770300.297452044,28238.246460794857,IL,ILLINOIS
2002,14,1498322.8894521766,9293.643756937963,IN,INDIANA
2002,15,19277041.69592867,48009.14853715181,IA,IOWA
2002,16,2571677.051778869,10746.251615904614,KS,KANSAS
2002,17,369735.987213594,2087.3223031506373,KY,KENTUCKY
2002,18,242152.19836308222,1110.0073889976634,LA,LOUISIANA
2002,19,4135.933837993,63.10457847906565,ME,MAINE
2002,20,322917.9418580701,1856.139285946086,MD,MARYLAND
2002,21,5195.670141827623,37.27841446778188,MA,MASSACHUSETTS
2002,22,798717.8089455718,5320.044681555833,MI,MICHIGAN
2002,23,8504881.221993241,24057.313683410062,MN,MINNESOTA
2002,24,256378.6787861633,1647.972600014018,MS,MISSISSIPPI
2002,25,2618092.5050053606,10083.812371532244,MO,MISSOURI
2002,26,18687.46216746404,129.26210470303775,MT,MONTANA
2002,27,4381365.381331805,18715.10770836701,NE,NEBRASKA
2002,28,0.0,0.0,NV,NEVADA
2002,29,5457.923274414629,25.415177846639164,NH,NEW HAMPSHIRE
2002,30,61621.87360738666,463.6252399442156,NJ,NEW JERSEY
2002,31,36143.93696440913,597.1773271682458,NM,NEW MEXICO
2002,32,141199.78626549555,1583.9857914347715,NY,NEW YORK
2002,33,648287.9298145638,3754.9680490351984,NC,NORTH CAROLINA
2002,34,866348.5038301887,3400.481856700514,ND,NORTH DAKOTA
2002,35,161721.49404292984,4663.342497704179,OH,OHIO
2002,36,289449.2471976997,1257.4831125246092,OK,OKLAHOMA
2002,37,32786.39225076901,155.48190972054024,OR,OREGON
2002,38,155368.7902314215,2204.0144265444574,PA,PENNSYLVANIA
2002,39,4.770159321946324,0.9198536003588592,RI,RHODE ISLAND
2002,40,142278.67524202843,1419.804016116923,SC,SOUTH CAROLINA
2002,41,4618551.049675073,16687.319784010226,SD,SOUTH DAKOTA
2002,42,214194.33927476857,1124.3391289811238,TN,TENNESSEE
2002,43,465567.6066689436,3559.3057611174595,TX,TEXAS
2002,44,2217.9541076774813,318.8165898544521,UT,UTAH
2002,45,6113.155323024142,90.96737242792874,VT,VERMONT
2002,46,302580.89690613,1244.1687887785974,VA,VIRGINIA
2002,47,15145.575608432764,108.5936029423707,WA,WASHINGTON
2002,48,7305.667122344657,112.98459267617082,WV,WEST VIRGINIA
2002,49,2626612.761867002,14192.004144633278,WI,WISCONSIN
2002,50,29152.099824615067,442.2865624033663,WY,WYOMING
2003,0,3826.941659787963,29.063337735638832,AL,ALABAMA
2003,2,12323.38192672736,436.5776672719216,AZ,ARIZONA
2003,3,15964.685426407652,138.63883180933934,AR,ARKANSAS
2003,4,5359.437960197587,86.6760558404438,CA,CALIFORNIA
2003,5,184338.7110256846,3229.376052899166,CO,COLORADO
2003,6,0.0,0.0,CT,CONNECTICUT
2003,7,0.0,0.0,DE,DELAWARE
2003,8,0.0,0.0,DC,DISTRICT OF COLUMBIA
2003,9,799.9387821981315,7.641656970409569,FL,FLORIDA
2003,10,1000.9292874927309,14.27522013508689,GA,GEORGIA
2003,12,2411.765348523151,174.9995438672792,ID,IDAHO
2003,13,13935263.823090922,38702.51081214954,IL,ILLINOIS
2003,14,1040942.4120058252,9586.435144997797,IN,INDIANA
2003,15,15985325.100608643,48003.63427840244,IA,IOWA
2003,16,2148970.0596287926,9231.273013917596,KS,KANSAS
2003,17,80292.88253320107,689.6255917183637,KY,KENTUCKY
2003,18,130317.13028887326,559.1370628730889,LA,LOUISIANA
2003,19,1330.7968451895345,42.06375356117952,ME,MAINE
2003,20,0.0,0.0,MD,MARYLAND
2003,21,0.0,0.0,MA,MASSACHUSETTS
2003,22,134328.0923464702,1603.2157578430338,MI,MICHIGAN
2003,23,6053101.607029079,27173.44435539332,MN,MINNESOTA
2003,24,8884.202295799054,106.84177505469384,MS,MISSISSIPPI
2003,25,2977361.653335032,11225.7793178163,MO,MISSOURI
2003,26,22178.761123340173,167.7681335783958,MT,MONTANA
2003,27,2682811.754452483,16120.766158724682,NE,NEBRASKA
2003,28,0.0,0.0,NV,NEVADA
2003,29,361.2984359080076,2.186714288373471,NH,NEW HAMPSHIRE
2003,30,0.0,0.0,NJ,NEW JERSEY
2003,31,53625.80489941239,693.6475220461116,NM,NEW MEXICO
2003,32,26300.454116804864,530.4700473838188,NY,NEW YORK
2003,33,0.0,0.0,NC,NORTH CAROLINA
2003,34,706497.922601705,3393.3683035815966,ND,NORTH DAKOTA
2003,35,16994.22089601861,271.2554118780946,OH,OHIO
2003,36,261007.54030388448,1112.60610355813,OK,OKLAHOMA
2003,37,36400.9507865952,220.47606069438336,OR,OREGON
2003,38,1960.7654212710604,37.41341149369738,PA,PENNSYLVANIA
2003,39,0.0,0.0,RI,RHODE ISLAND
2003,40,0.0,0.0,SC,SOUTH CAROLINA
2003,41,2395235.993804807,14374.61200868891,SD,SOUTH DAKOTA
2003,42,17693.893638830406,390.582754569747,TN,TENNESSEE
2003,43,298315.9527143615,2152.0971197414237,TX,TEXAS
2003,44,2084.9645326482914,300.3091499600394,UT,UTAH
2003,45,5034.901995320092,94.00244936567891,VT,VERMONT
2003,46,0.0,0.0,VA,VIRGINIA
2003,47,13088.49999199851,108.59290518622544,WA,WASHINGTON
2003,48,2873.739066471031,28.92150296617592,WV,WEST VIRGINIA
2003,49,984247.4079676956,9955.554801863133,WI,WISCONSIN
2003,50,21367.381818390564,343.13536676324014,WY,WYOMING
2004,0,11151.382067328532,391.1224917714492,AL,ALABAMA
2004,2,16774.239205688158,598.0921218576785,AZ,ARIZONA
2004,3,7042.527344344548,111.18014359245949,AR,ARKANSAS
2004,4,23047.44229038188,371.2180903340377,CA,CALIFORNIA
2004,5,168811.52396278305,3080.1290332396447,CO,COLORADO
2004,6,2341.994555781098,51.24979600893121,CT,CONNECTICUT
2004,7,13904.689853590406,165.06001263588652,DE,DELAWARE
2004,8,0.0,0.0,DC,DISTRICT OF COLUMBIA
2004,9,237357.955803725,664.0207197495656,FL,FLORIDA
2004,10,138075.48096038043,1062.7355197501593,GA,GEORGIA
2004,12,1419.7146663413089,103.0735303692872,ID,IDAHO
2004,13,3002178.1221882277,23956.52836082982,IL,ILLINOIS
2004,14,990451.9985255172,10884.04927907516,IN,INDIANA
2004,15,6184328.240225641,31205.645580178425,IA,IOWA
2004,16,1958694.375706341,8036.35857239955,KS,KANSAS
2004,17,216828.8711472797,2102.4271086570348,KY,KENTUCKY
2004,18,6474.174047662221,110.8727664081538,LA,LOUISIANA
2004,19,1530.6649016694803,9.860731810363118,ME,MAINE
2004,20,27981.46985892716,242.40614416288537,MD,MARYLAND
2004,21,1029.05106780992,20.11393635482404,MA,MASSACHUSETTS
2004,22,148219.2590070325,2535.220398702877,MI,MICHIGAN
2004,23,8472561.37542083,25254.95690594046,MN,MINNESOTA
2004,24,28412.431207042515,491.9512204712401,MS,MISSISSIPPI
2004,25,629545.336526616,4708.923279778675,MO,MISSOURI
2004,26,13752.705141360588,134.70678915904648,MT,MONTANA
2004,27,2531453.0766153643,14608.261530730832,NE,NEBRASKA
2004,28,0.0,0.0,NV,NEVADA
2004,29,491.4015100354007,1.396597342827242,NH,NEW HAMPSHIRE
2004,30,32.19959690119353,0.696057761975336,NJ,NEW JERSEY
2004,31,36272.57690326094,504.4409800956497,NM,NEW MEXICO
2004,32,47179.89420220192,1231.8002890161483,NY,NEW YORK
2004,33,6976.037439004865,67.36300525062154,NC,NORTH CAROLINA
2004,34,296306.91813674447,1833.5331931752992,ND,NORTH DAKOTA
2004,35,148634.60793623718,1177.7545989737794,OH,OHIO
2004,36,162558.589270664,826.6877826240407,OK,OKLAHOMA
2004,37,4604.077995530059,15.923846970665227,OR,OREGON
2004,38,3990.3763005049327,34.39462326775013,PA,PENNSYLVANIA
2004,39,861.4704982282524,22.900940622144816,RI,RHODE ISLAND
2004,40,63774.60915504377,353.7274488220992,SC,SOUTH CAROLINA
2004,41,3571667.403454734,16137.052313365724,SD,SOUTH DAKOTA
2004,42,48720.726489300505,459.4099220729095,TN,TENNESSEE
2004,43,204371.061721489,1258.234296068883,TX,TEXAS
2004,44,1927.8202199949435,277.9775003812173,UT,UTAH
2004,45,2569.895160822873,37.43516202587389,VT,VERMONT
2004,46,1817.865273195436,46.86852399173441,VA,VIRGINIA
2004,47,13971.59099906689,100.09553489765295,WA,WASHINGTON
2004,48,88.97303302754187,1.7811069594862317,WV,WEST VIRGINIA
2004,49,93671.46958936164,1042.4865740206308,WI,WISCONSIN
2004,50,18797.31534599873,374.371323137259,WY,WYOMING
2005,0,0.0,0.0,AL,ALABAMA
2005,2,5894.1260351757865,197.4745400176041,AZ,ARIZONA
2005,3,117692.01129180026,399.7773040332588,AR,ARKANSAS
2005,4,2130.415456138034,31.759027383459973,CA,CALIFORNIA
2005,5,128618.50300410514,2473.6769652959133,CO,COLORADO
2005,6,6902.815699357196,81.00953710253839,CT,CONNECTICUT
2005,7,22.530291614194805,4.959110552291087,DE,DELAWARE
2005,8,0.0,0.0,DC,DISTRICT OF COLUMBIA
2005,9,87.43508886871507,1.5915023569792095,FL,FLORIDA
2005,10,0.0,0.0,GA,GEORGIA
2005,12,261.607169786178,19.023637237923374,ID,IDAHO
2005,13,14359630.3176064,38672.02809357309,IL,ILLINOIS
2005,14,871996.5520743763,11731.110540730691,IN,INDIANA
2005,15,14464885.46663389,45794.183359848445,IA,IOWA
2005,16,1171327.4537899513,5069.32013780724,KS,KANSAS
2005,17,88320.66791317561,1579.025088919744,KY,KENTUCKY
2005,18,421204.59023841406,1564.5916922326744,LA,LOUISIANA
2005,19,5820.818867117996,74.48121399160898,ME,MAINE
2005,20,9910.979538616291,166.36774495086314,MD,MARYLAND
2005,21,7596.682072808161,111.62875735907234,MA,MASSACHUSETTS
2005,22,814785.8825686922,5960.9075639465,MI,MICHIGAN
2005,23,6274268.014716022,25256.01592526624,MN,MINNESOTA
2005,24,132965.32207778358,840.3421829775239,MS,MISSISSIPPI
2005,25,2724156.3135890407,11671.176984021113,MO,MISSOURI
2005,26,3299.3506024649905,24.744936460203853,MT,MONTANA
2005,27,1161663.203300726,8977.804722308538,NE,NEBRASKA
2005,28,0.0,0.0,NV,NEVADA
2005,29,713.626831291215,5.2084859675372455,NH,NEW HAMPSHIRE
2005,30,11554.59729368682,273.9211995665624,NJ,NEW JERSEY
2005,31,11993.976527763762,162.20558608259194,NM,NEW MEXICO
2005,32,181675.4608754144,2958.2637188776434,NY,NEW YORK
2005,33,218.1366792224637,15.682916599920656,NC,NORTH CAROLINA
2005,34,393283.5458258717,2581.634261286643,ND,NORTH DAKOTA
2005,35,619931.5659450684,7708.87292698947,OH,OHIO
2005,36,113168.04081445409,717.4939413397419,OK,OKLAHOMA
2005,37,20875.65579230532,79.4221397359004,OR,OREGON
2005,38,164711.05989052355,2782.8587923553805,PA,PENNSYLVANIA
2005,39,977.6732121966388,24.09264460744155,RI,RHODE ISLAND
2005,40,39.67391702004666,0.7611343626023499,SC,SOUTH CAROLINA
2005,41,1125687.957710083,10947.179268766817,SD,SOUTH DAKOTA
2005,42,43915.67214259515,378.46089740322645,TN,TENNESSEE
2005,43,1001491.9738915139,6163.420909020958,TX,TEXAS
2005,44,403.0595011507424,57.48766157915734,UT,UTAH
2005,45,0.0,0.0,VT,VERMONT
2005,46,14691.79540803539,313.5412715116093,VA,VIRGINIA
2005,47,34254.21923290973,243.0631246000952,WA,WASHINGTON
2005,48,2301.9331630950005,37.30065407163866,WV,WEST VIRGINIA
2005,49,2520501.2906859308,14485.139336875654,WI,WISCONSIN
2005,50,16419.501948422454,280.2017056206271,WY,WYOMING
2006,0,349706.8518594778,1525.4072626468544,AL,ALABAMA
2006,2,14960.621337624543,511.27421632337615,AZ,ARIZONA
2006,3,157522.6522215361,412.69085090538624,AR,ARKANSAS
2006,4,5061.520680021269,77.67926501763236,CA,CALIFORNIA
2006,5,156988.5197839456,3108.722644207532,CO,COLORADO
2006,6,0.0,0.0,CT,CONNECTICUT
2006,7,0.0,0.0,DE,DELAWARE
2006,8,0.0,0.0,DC,DISTRICT OF COLUMBIA
2006,9,54626.197193530614,408.949865953629,FL,FLORIDA
2006,10,196080.1084438756,1037.0373507677857,GA,GEORGIA
2006,12,15.28545628303584,1.1036174419758866,ID,IDAHO
2006,13,10086521.108720671,34373.12180854852,IL,ILLINOIS
2006,14,292283.6937183149,4717.870003803093,IN,INDIANA
2006,15,22130440.45710841,45026.83160441539,IA,IOWA
2006,16,2824109.959015,12255.279824446176,KS,KANSAS
2006,17,497604.6832102016,2946.725820955848,KY,KENTUCKY
2006,18,715037.800772871,1836.9349339230218,LA,LOUISIANA
2006,19,385.2118787491737,4.58900774127841,ME,MAINE
2006,20,1915.6344126738536,45.6268808135658,MD,MARYLAND
2006,21,0.0,0.0,MA,MASSACHUSETTS
2006,22,346225.63636478793,3812.3304966322994,MI,MICHIGAN
2006,23,10005954.377791831,27874.981681218167,MN,MINNESOTA
2006,24,650762.7435733816,2139.7518757316334,MS,MISSISSIPPI
2006,25,5330902.373222343,12640.722580892918,MO,MISSOURI
2006,26,10174.158588149658,74.57544878166823,MT,MONTANA
2006,27,3672649.2775045326,16055.961602709354,NE,NEBRASKA
2006,28,0.0,0.0,NV,NEVADA
2006,29,578.4842899166642,1.851901689639279,NH,NEW HAMPSHIRE
2006,30,4003.900548765285,80.81372409738277,NJ,NEW JERSEY
2006,31,23471.33374572825,407.4556957571954,NM,NEW MEXICO
2006,32,60494.7529335501,1340.511936593707,NY,NEW YORK
2006,33,44778.276477682055,502.3161503216703,NC,NORTH CAROLINA
2006,34,853208.5760512151,3591.593359878919,ND,NORTH DAKOTA
2006,35,18744.38777941882,598.5846463875644,OH,OHIO
2006,36,374945.8585109835,1776.7300138360374,OK,OKLAHOMA
2006,37,1689.5044945525897,8.476532912855175,OR,OREGON
2006,38,23985.70624027181,602.5031446704104,PA,PENNSYLVANIA
2006,39,0.0,0.0,RI,RHODE ISLAND
2006,40,277955.39806938736,1232.0709483493708,SC,SOUTH CAROLINA
2006,41,3943111.312237301,15570.635469948878,SD,SOUTH DAKOTA
2006,42,728793.321001542,2838.0810563935465,TN,TENNESSEE
2006,43,1199374.806352704,7513.168482366753,TX,TEXAS
2006,44,1115.4972950882066,161.21485742605228,UT,UTAH
2006,45,6261.582001629745,81.40627252120538,VT,VERMONT
2006,46,218.1769440365543,25.47404826851183,VA,VIRGINIA
2006,47,712.6013373970122,12.531857940290948,WA,WASHINGTON
2006,48,618.0862975991588,21.83574426178861,WV,WEST VIRGINIA
2006,49,2217592.883586165,12967.20222024758,WI,WISCONSIN
2006,50,22887.67120833596,363.67360165543056,WY,WYOMING
2007,0,284944.7905676871,1133.471042267956,AL,ALABAMA
2007,2,5810.661064230342,232.19903078148425,AZ,ARIZONA
2007,3,14488.455094551911,90.55904219266606,AR,ARKANSAS
2007,4,25844.88476802547,428.3080747637297,CA,CALIFORNIA
2007,5,38794.64972075632,701.9259065027637,CO,COLORADO
2007,6,184.8307369471937,8.525866854411818,CT,CONNECTICUT
2007,7,157191.6727391263,577.5321594308961,DE,DELAWARE
2007,8,0.0,0.0,DC,DISTRICT OF COLUMBIA
2007,9,95356.77895643028,399.821548594732,FL,FLORIDA
2007,10,430685.0618340452,1654.0801916161458,GA,GEORGIA
2007,12,1700.3565512155858,123.8014190886109,ID,IDAHO
2007,13,10307314.391439646,35160.961006775586,IL,ILLINOIS
2007,14,562981.49916925,5712.636538421348,IN,INDIANA
2007,15,9468681.904708978,33824.956123722135,IA,IOWA
2007,16,216573.8107223868,1266.6035533569634,KS,KANSAS
2007,17,111197.97159681004,1239.3980742016795,KY,KENTUCKY
2007,18,57238.35600234216,563.153052098248,LA,LOUISIANA
2007,19,149.9167670452378,4.958498933592835,ME,MAINE
2007,20,337468.4363389618,1685.04388418264,MD,MARYLAND
2007,21,2116.6501861870884,30.435459917556155,MA,MASSACHUSETTS
2007,22,536701.7524430554,5319.334595228943,MI,MICHIGAN
2007,23,6860820.726865483,25392.13215232228,MN,MINNESOTA
2007,24,545161.2123635171,2220.004861260585,MS,MISSISSIPPI
2007,25,3243565.448654846,9496.042187434436,MO,MISSOURI
2007,26,1656.320373605987,13.724397411198536,MT,MONTANA
2007,27,564630.3893903304,4003.937534728976,NE,NEBRASKA
2007,28,0.0,0.0,NV,NEVADA
2007,29,281.519308963224,4.37212207758177,NH,NEW HAMPSHIRE
2007,30,9672.858277295589,222.72378084826812,NJ,NEW JERSEY
2007,31,15538.742627554037,223.81911949647844,NM,NEW MEXICO
2007,32,61967.23826176791,999.3926200963984,NY,NEW YORK
2007,33,125852.69245407116,1627.4704386433154,NC,NORTH CAROLINA
2007,34,87441.4124173674,684.7255876076119,ND,NORTH DAKOTA
2007,35,170118.46708965604,3008.752876930219,OH,OHIO
2007,36,114275.0591053188,434.7962690341269,OK,OKLAHOMA
2007,37,25665.605300899144,97.32405472180884,OR,OREGON
2007,38,57136.828025477065,1027.853241434778,PA,PENNSYLVANIA
2007,39,52.08476254356378,5.695842444687471,RI,RHODE ISLAND
2007,40,155523.25008754578,1139.6158793912991,SC,SOUTH CAROLINA
2007,41,492188.71338789567,3000.880591958909,SD,SOUTH DAKOTA
2007,42,486146.97313625336,2241.426405684801,TN,TENNESSEE
2007,43,80457.11751966583,576.9982669040073,TX,TEXAS
2007,44,1696.5362680379951,249.18188334705857,UT,UTAH
2007,45,211.70875904604983,10.036288764351276,VT,VERMONT
2007,46,115101.83341422146,796.8135674303091,VA,VIRGINIA
2007,47,10167.250447873446,81.0798569781094,WA,WASHINGTON
2007,48,270.1375241045507,10.477464431601534,WV,WEST VIRGINIA
2007,49,2669743.4520971617,13710.020402754768,WI,WISCONSIN
2007,50,6521.738871963787,148.78633489181465,WY,WYOMING
2008,0,132200.43561587797,699.19385239454,AL,ALABAMA
2008,2,1317.778988344532,67.3270850452867,AZ,ARIZONA
2008,3,57644.729752605526,279.467027426862,AR,ARKANSAS
2008,4,22418.33547573972,377.1159295330654,CA,CALIFORNIA
2008,5,75437.74711749643,2081.800362761065,CO,COLORADO
2008,6,140.84572545913682,10.390461961495294,CT,CONNECTICUT
2008,7,0.0,0.0,DE,DELAWARE
2008,8,0.0,0.0,DC,DISTRICT OF COLUMBIA
2008,9,114425.3703122371,646.7828291899345,FL,FLORIDA
2008,10,374565.76370072353,1153.3313520757945,GA,GEORGIA
2008,12,211.5781793582644,15.276048340174732,ID,IDAHO
2008,13,481280.435198268,3610.3025979232752,IL,ILLINOIS
2008,14,110601.86987583357,1167.591116011363,IN,INDIANA
2008,15,158759.62247116395,1728.655554884229,IA,IOWA
2008,16,1441815.2919457385,5392.090231801176,KS,KANSAS
2008,17,198981.39814380187,1360.29479184294,KY,KENTUCKY
2008,18,642653.3656366302,1759.4002896433456,LA,LOUISIANA
2008,19,1392.884323800211,20.87422294731711,ME,MAINE
2008,20,6233.743501504768,146.57826303832817,MD,MARYLAND
2008,21,2400.684646573068,40.00790141799996,MA,MASSACHUSETTS
2008,22,150691.91488321958,644.4015052657671,MI,MICHIGAN
2008,23,58358.5856334027,1347.5287366868235,MN,MINNESOTA
2008,24,397319.0966155612,1824.0455238438851,MS,MISSISSIPPI
2008,25,500886.3714638595,2121.5670102473773,MO,MISSOURI
2008,26,428.6475263990194,6.4205020723242345,MT,MONTANA
2008,27,752499.0118503452,4756.685963356993,NE,NEBRASKA
2008,28,0.0,0.0,NV,NEVADA
2008,29,255.08724415205975,6.529972796906083,NH,NEW HAMPSHIRE
2008,30,0.0,0.0,NJ,NEW JERSEY
2008,31,5104.0832996765785,131.34530654032065,NM,NEW MEXICO
2008,32,21619.6776621269,415.5300768308729,NY,NEW YORK
2008,33,266112.1634838203,2171.156192937586,NC,NORTH CAROLINA
2008,34,168785.97074798544,1054.996727710316,ND,NORTH DAKOTA
2008,35,70900.49499257434,782.6697514012715,OH,OHIO
2008,36,225110.59549120444,993.076317220751,OK,OKLAHOMA
2008,37,875.8992043091699,25.943098027305705,OR,OREGON
2008,38,11851.630659983575,280.9206271426144,PA,PENNSYLVANIA
2008,39,229.88379660166555,16.188945005170893,RI,RHODE ISLAND
2008,40,217481.73525291425,901.2980105137492,SC,SOUTH CAROLINA
2008,41,351955.75012662204,1732.9679945219386,SD,SOUTH DAKOTA
2008,42,335870.9718474603,1597.2292554904886,TN,TENNESSEE
2008,43,1141154.6210059766,6772.703801746537,TX,TEXAS
2008,44,807.0479650979313,117.30527838108144,UT,UTAH
2008,45,2268.2025271935413,24.02055003167834,VT,VERMONT
2008,46,65434.06691630636,511.77752969911376,VA,VIRGINIA
2008,47,962.303155810668,6.399167582632932,WA,WASHINGTON
2008,48,106.96216588934747,3.9302269376899,WV,WEST VIRGINIA
2008,49,427706.9613998692,2634.353746507924,WI,WISCONSIN
2008,50,2141.3266775759853,68.49827834831314,WY,WYOMING
2009,0,83.31368827416726,0.286091371013902,AL,ALABAMA
2009,2,13546.623761103338,478.8307821546285,AZ,ARIZONA
2009,3,15377.138265274512,46.274558350236006,AR,ARKANSAS
2009,4,17887.45962290321,279.8864773423387,CA,CALIFORNIA
2009,5,87556.5280057794,1638.880043636448,CO,COLORADO
2009,6,0.0,0.0,CT,CONNECTICUT
2009,7,3140.0529042336093,99.36617312588626,DE,DELAWARE
2009,8,0.0,0.0,DC,DISTRICT OF COLUMBIA
2009,9,50.87580889869906,0.747515773637459,FL,FLORIDA
2009,10,0.0,0.0,GA,GEORGIA
2009,12,19.46812116748568,1.405607898455875,ID,IDAHO
2009,13,452596.516270599,3322.092086041328,IL,ILLINOIS
2009,14,273122.5093764637,2655.1573933370005,IN,INDIANA
2009,15,514999.4601967282,4268.257640393496,IA,IOWA
2009,16,782653.1106805978,3127.041579588756,KS,KANSAS
2009,17,137866.53858500905,1482.178883997953,KY,KENTUCKY
2009,18,764153.6921466475,1755.0574494635785,LA,LOUISIANA
2009,19,3531.098718124892,17.235610419112593,ME,MAINE
2009,20,25036.061915341696,367.6684033328152,MD,MARYLAND
2009,21,51.7222930697873,1.0525394227213638,MA,MASSACHUSETTS
2009,22,11444.793417370522,202.31756403037224,MI,MICHIGAN
2009,23,163473.18003668266,2498.4470765702754,MN,MINNESOTA
2009,24,202556.3432248957,564.1921127241222,MS,MISSISSIPPI
2009,25,750507.7426584739,4163.144974430468,MO,MISSOURI
2009,26,743.8910860579027,5.0856574678147535,MT,MONTANA
2009,27,176554.38000758603,1493.210766716792,NE,NEBRASKA
2009,28,0.0,0.0,NV,NEVADA
2009,29,232.69827127959292,2.7364044238580414,NH,NEW HAMPSHIRE
2009,30,52.954919659826224,5.062958073121918,NJ,NEW JERSEY
2009,31,42812.46011217055,733.9063180999709,NM,NEW MEXICO
2009,32,13219.229210461028,216.71636866456151,NY,NEW YORK
2009,33,3048.703649923776,28.227353605007355,NC,NORTH CAROLINA
2009,34,962.8324894130488,8.258384912804429,ND,NORTH DAKOTA
2009,35,32141.15699882876,1196.4678522820757,OH,OHIO
2009,36,230551.82886880287,1020.8440486011544,OK,OKLAHOMA
2009,37,3405.4348581842223,18.16028323048541,OR,OREGON
2009,38,11928.365983183332,362.9258969128255,PA,PENNSYLVANIA
2009,39,0.0,0.0,RI,RHODE ISLAND
2009,40,0.0,0.0,SC,SOUTH CAROLINA
2009,41,12472.581206955783,203.9277569321583,SD,SOUTH DAKOTA
2009,42,51077.18919073742,514.3763188972017,TN,TENNESSEE
2009,43,1518600.17951692,7526.160791027468,TX,TEXAS
2009,44,1618.4560478273904,231.01958487035867,UT,UTAH
2009,45,1279.2367145411076,14.069490886965935,VT,VERMONT
2009,46,4406.704899771981,179.15793873429314,VA,VIRGINIA
2009,47,13020.444893995864,92.2245065963637,WA,WASHINGTON
2009,48,849.5963016846831,18.663600758079102,WV,WEST VIRGINIA
2009,49,32941.658172296746,537.7701135515474,WI,WISCONSIN
2009,50,146.92818318080822,2.208812226244312,WY,WYOMING
2010,0,12782.10648361392,191.82744668014905,AL,ALABAMA
2010,2,1525.121414343742,64.4203617214673,AZ,ARIZONA
2010,3,51733.58362921514,209.72387145148704,AR,ARKANSAS
2010,4,3695.31673412509,68.09889510906936,CA,CALIFORNIA
2010,5,52138.70483555924,882.6503707564367,CO,COLORADO
2010,6,479.474764228918,34.77917575377789,CT,CONNECTICUT
2010,7,115847.12443393502,607.1064512561084,DE,DELAWARE
2010,8,0.0,0.0,DC,DISTRICT OF COLUMBIA
2010,9,81117.84306713163,365.1683493323099,FL,FLORIDA
2010,10,239665.36941310088,1142.4634096745317,GA,GEORGIA
2010,12,84.65069505915423,6.111821709002337,ID,IDAHO
2010,13,61704.58827044589,550.5777090799811,IL,ILLINOIS
2010,14,326018.0491916956,3841.131741103001,IN,INDIANA
2010,15,0.0,0.0,IA,IOWA
2010,16,159162.36520544958,639.920041457049,KS,KANSAS
2010,17,272201.7222002566,2195.604738840525,KY,KENTUCKY
2010,18,267998.1710834566,1151.2470090993309,LA,LOUISIANA
2010,19,1636.8968783898065,44.94793327759568,ME,MAINE
2010,20,262588.9598314296,1649.0156142164974,MD,MARYLAND
2010,21,763.9489402733564,19.886085878232954,MA,MASSACHUSETTS
2010,22,112695.79709677094,2067.706765417704,MI,MICHIGAN
2010,23,14515.501099125304,346.24857165730555,MN,MINNESOTA
2010,24,170638.71120508772,957.0961633421166,MS,MISSISSIPPI
2010,25,86516.56299532426,504.5159049186332,MO,MISSOURI
2010,26,5586.04373061437,38.34031455841336,MT,MONTANA
2010,27,18861.25844363276,78.89698944951921,NE,NEBRASKA
2010,28,0.0,0.0,NV,NEVADA
2010,29,592.8981740221764,2.425696659263959,NH,NEW HAMPSHIRE
2010,30,77665.91355218152,384.90084802154377,NJ,NEW JERSEY
2010,31,6830.36859774121,111.93529335954588,NM,NEW MEXICO
2010,32,40927.0151066252,1175.3855226696955,NY,NEW YORK
2010,33,774687.2350342639,3106.315463911864,NC,NORTH CAROLINA
2010,34,18702.82075179252,153.4773731201292,ND,NORTH DAKOTA
2010,35,293206.5081064095,4873.425543626106,OH,OHIO
2010,36,102393.1707002084,450.6918889158007,OK,OKLAHOMA
2010,37,244.10068842280856,0.8113411858699329,OR,OREGON
2010,38,180928.4998613089,1639.9063714713711,PA,PENNSYLVANIA
2010,39,9.566201303137452,2.071209321274414,RI,RHODE ISLAND
2010,40,312326.63185580843,1307.6484161437706,SC,SOUTH CAROLINA
2010,41,511.7831267441855,13.45725995850271,SD,SOUTH DAKOTA
2010,42,114617.61863598456,923.4443383192704,TN,TENNESSEE
2010,43,58452.674170346676,535.9324781654798,TX,TEXAS
2010,44,710.0942100241692,102.51930966658678,UT,UTAH
2010,45,5612.3880547042645,71.3844569387327,VT,VERMONT
2010,46,176806.50947371783,1112.3833425911491,VA,VIRGINIA
2010,47,150.06604869270217,1.392066512521138,WA,WASHINGTON
2010,48,4516.051599732997,117.88637525437449,WV,WEST VIRGINIA
2010,49,307971.7301747423,5428.805303079773,WI,WISCONSIN
2010,50,8497.490785924425,130.62943159014904,WY,WYOMING
2011,0,434632.0980766656,1374.0328435314318,AL,ALABAMA
2011,2,9482.919457681208,421.3722256061213,AZ,ARIZONA
2011,3,145149.32623472525,384.62844678757176,AR,ARKANSAS
2011,4,1804.3176829569688,32.004727372848734,CA,CALIFORNIA
2011,5,167300.8436998438,2867.3153703679445,CO,COLORADO
2011,6,0.0,0.0,CT,CONNECTICUT
2011,7,0.0,0.0,DE,DELAWARE
2011,8,0.0,0.0,DC,DISTRICT OF COLUMBIA
2011,9,281407.28937234834,762.3833540270093,FL,FLORIDA
2011,10,630831.2779039508,1631.9764621118684,GA,GEORGIA
2011,12,203.55254871836408,14.897582125153194,ID,IDAHO
2011,13,4359582.806128455,17078.85810847913,IL,ILLINOIS
2011,14,2059646.09389259,12649.075510732622,IN,INDIANA
2011,15,398934.938971849,4314.0471492802935,IA,IOWA
2011,16,2277951.9553816183,9189.299171509982,KS,KANSAS
2011,17,629344.0920166813,3652.271127499518,KY,KENTUCKY
2011,18,886463.3861344382,1668.0961745517072,LA,LOUISIANA
2011,19,61.08913185770685,3.5610706121717604,ME,MAINE
2011,20,15051.599679324136,170.28807161287187,MD,MARYLAND
2011,21,270.17618292829906,7.072792841352454,MA,MASSACHUSETTS
2011,22,48584.18921334152,969.5118709877032,MI,MICHIGAN
2011,23,40044.51174047723,769.9012961876647,MN,MINNESOTA
2011,24,1039159.9004221808,2274.48955002209,MS,MISSISSIPPI
2011,25,2036680.954389568,7793.086710119566,MO,MISSOURI
2011,26,381.9316168393493,2.8344256638052427,MT,MONTANA
2011,27,525885.606936139,3164.0051682876924,NE,NEBRASKA
2011,28,0.0,0.0,NV,NEVADA
2011,29,89.24827139498939,0.495134130285888,NH,NEW HAMPSHIRE
2011,30,1601.1249274872494,22.31178813417849,NJ,NEW JERSEY
2011,31,64780.36321036954,858.656281487627,NM,NEW MEXICO
2011,32,14073.932736870893,302.03089351999535,NY,NEW YORK
2011,33,714711.6428861845,3417.09947605685,NC,NORTH CAROLINA
2011,34,5831.730296021747,20.89952090564186,ND,NORTH DAKOTA
2011,35,396722.3593058655,4513.020869164287,OH,OHIO
2011,36,440340.9963075912,1842.9020766550568,OK,OKLAHOMA
2011,37,4052.7673888295344,16.688297945680656,OR,OREGON
2011,38,45301.50567583551,703.9638019391945,PA,PENNSYLVANIA
2011,39,0.0,0.0,RI,RHODE ISLAND
2011,40,317570.7120183565,1523.1240310785288,SC,SOUTH CAROLINA
2011,41,52.09530859449611,0.717075534565358,SD,SOUTH DAKOTA
2011,42,679584.9023031134,2597.5386911928263,TN,TENNESSEE
2011,43,1683949.412978196,8264.924436634043,TX,TEXAS
2011,44,322.5028661182393,46.396063989485015,UT,UTAH
2011,45,0.0,0.0,VT,VERMONT
2011,46,38456.884932941626,448.9108843190479,VA,VIRGINIA
2011,47,292.2268785012974,2.8928256615472883,WA,WASHINGTON
2011,48,625.0986118767455,9.955883520171293,WV,WEST VIRGINIA
2011,49,227765.7082480252,3502.3432724256622,WI,WISCONSIN
2011,50,13514.778303353916,216.12240142830888,WY,WYOMING
2012,0,145850.1544430112,777.8305317163508,AL,ALABAMA
2012,2,8296.463712177252,329.5764206078277,AZ,ARIZONA
2012,3,162290.1005525762,403.1237442269289,AR,ARKANSAS
2012,4,12922.2053346945,204.0444859330703,CA,CALIFORNIA
2012,5,159677.64535336694,3285.650781896559,CO,COLORADO
2012,6,1875.926953197092,54.119802247967705,CT,CONNECTICUT
2012,7,9714.5426146625,204.1640222659439,DE,DELAWARE
2012,8,0.0,0.0,DC,DISTRICT OF COLUMBIA
2012,9,94.10637553162661,11.26239692379822,FL,FLORIDA
2012,10,125205.0753060481,647.9572088035738,GA,GEORGIA
2012,12,1526.3913144105331,110.58135973469386,ID,IDAHO
2012,13,18605852.1387864,39611.370812474765,IL,ILLINOIS
2012,14,3559124.4687496508,14027.753423683822,IN,INDIANA
2012,15,17567283.12484002,44837.46045066291,IA,IOWA
2012,16,3122302.467160913,13116.962333251842,KS,KANSAS
2012,17,850290.2756786863,4523.127941761506,KY,KENTUCKY
2012,18,410647.1181876833,1117.0424483927366,LA,LOUISIANA
2012,19,150.9043498824669,4.705189193372671,ME,MAINE
2012,20,206754.45546500213,1625.536526683605,MD,MARYLAND
2012,21,1243.3401876858752,33.80317051617913,MA,MASSACHUSETTS
2012,22,1679194.576831082,8845.211292148966,MI,MICHIGAN
2012,23,4933982.934332982,18883.1047489624,MN,MINNESOTA
2012,24,605801.0400392769,1911.0646216749933,MS,MISSISSIPPI
2012,25,5731857.369933849,12609.031867931446,MO,MISSOURI
2012,26,14799.267531752,122.6603937694293,MT,MONTANA
2012,27,2914339.713705528,14837.166614164928,NE,NEBRASKA
2012,28,0.0,0.0,NV,NEVADA
2012,29,326.69711724777665,5.607437894701778,NH,NEW HAMPSHIRE
2012,30,3521.540618706768,135.58120518334772,NJ,NEW JERSEY
2012,31,58874.339886408176,786.6467904190936,NM,NEW MEXICO
2012,32,92822.1099777592,1775.8854415806984,NY,NEW YORK
2012,33,48056.44473250851,703.0545380826749,NC,NORTH CAROLINA
2012,34,424767.38338952034,2572.968925093648,ND,NORTH DAKOTA
2012,35,733764.8233444667,5040.861445107932,OH,OHIO
2012,36,407221.4538141408,1670.9659039403782,OK,OKLAHOMA
2012,37,19413.751883829515,62.9214693033377,OR,OREGON
2012,38,169685.69661909202,2034.1670419694128,PA,PENNSYLVANIA
2012,39,40.53807123586521,2.5327930263302494,RI,RHODE ISLAND
2012,40,50860.061286951735,671.0676598905093,SC,SOUTH CAROLINA
2012,41,2435944.499392867,14169.280806685249,SD,SOUTH DAKOTA
2012,42,693999.5086844881,2531.607925346147,TN,TENNESSEE
2012,43,690802.2659112678,4412.000720914497,TX,TEXAS
2012,44,2099.0972227982525,301.6334710539294,UT,UTAH
2012,45,1852.0003273070972,38.85180745399869,VT,VERMONT
2012,46,42724.424180452406,609.9441492740295,VA,VIRGINIA
2012,47,304.3262792577293,9.863621484639848,WA,WASHINGTON
2012,48,6706.555921413811,63.15803262432964,WV,WEST VIRGINIA
2012,49,4737517.470061992,15219.869411509528,WI,WISCONSIN
2012,50,23511.705695878107,360.8802136411276,WY,WYOMING
2013,0,437.5689657466381,6.160223030976572,AL,ALABAMA
2013,2,3567.886168894442,165.36642746771162,AZ,ARIZONA
2013,3,1190.06476700733,12.298330673312291,AR,ARKANSAS
2013,4,25462.732902751806,439.5879368878939,CA,CALIFORNIA
2013,5,111131.9797294063,2351.1307288260987,CO,COLORADO
2013,6,0.0688482207958758,0.0054418362915915,CT,CONNECTICUT
2013,7,0.0,0.0,DE,DELAWARE
2013,8,0.0,0.0,DC,DISTRICT OF COLUMBIA
2013,9,258.6025022066205,11.108326370409024,FL,FLORIDA
2013,10,0.0,0.0,GA,GEORGIA
2013,12,2308.392801024015,167.43138112830638,ID,IDAHO
2013,13,303320.9723181657,3259.1310471639854,IL,ILLINOIS
2013,14,375968.3007166743,6406.353644559841,IN,INDIANA
2013,15,1957272.40445301,7777.569086508436,IA,IOWA
2013,16,1335059.671467354,6099.898219023571,KS,KANSAS
2013,17,19411.38021476576,137.1211280564746,KY,KENTUCKY
2013,18,164139.0159308042,760.2442826574501,LA,LOUISIANA
2013,19,1873.298627271451,23.453946148601226,ME,MAINE
2013,20,1002.96175413797,32.36605746130984,MD,MARYLAND
2013,21,246.7856997303773,4.676055135645777,MA,MASSACHUSETTS
2013,22,78379.84715103041,942.2143795174646,MI,MICHIGAN
2013,23,1812823.752750117,11627.249195618111,MN,MINNESOTA
2013,24,82344.7932194331,525.5015640616657,MS,MISSISSIPPI
2013,25,17070.780981184984,152.25593950705053,MO,MISSOURI
2013,26,9940.467906886204,75.73037715718128,MT,MONTANA
2013,27,1653081.7342626462,8035.567931769868,NE,NEBRASKA
2013,28,0.0,0.0,NV,NEVADA
2013,29,212.29228369484903,1.4209579393507987,NH,NEW HAMPSHIRE
2013,30,2826.3240933030274,31.4676666851148,NJ,NEW JERSEY
2013,31,28922.77091017607,593.7470188562427,NM,NEW MEXICO
2013,32,13698.479409390411,235.66467933758005,NY,NEW YORK
2013,33,2331.178663795901,83.40973570960968,NC,NORTH CAROLINA
2013,34,51364.77179145941,415.9373587499225,ND,NORTH DAKOTA
2013,35,109915.09062499208,3695.972129857126,OH,OHIO
2013,36,232835.12415383276,1045.4631714203454,OK,OKLAHOMA
2013,37,32297.59957970456,116.08987396849356,OR,OREGON
2013,38,15389.7595900119,385.6911701702384,PA,PENNSYLVANIA
2013,39,67.70531309818789,2.312463886623353,RI,RHODE ISLAND
2013,40,0.0,0.0,SC,SOUTH CAROLINA
2013,41,1126449.2580241384,6843.619723514187,SD,SOUTH DAKOTA
2013,42,380.3602770491622,20.962785594012026,TN,TENNESSEE
2013,43,957957.1574669089,6167.307486006046,TX,TEXAS
2013,44,878.4317187112981,126.53434293375608,UT,UTAH
2013,45,317.1145532117405,6.9487124935429545,VT,VERMONT
2013,46,1819.1335293498832,22.622288445621408,VA,VIRGINIA
2013,47,23253.780656086885,171.4456041032906,WA,WASHINGTON
2013,48,773.8306107823848,17.014546583993727,WV,WEST VIRGINIA
2013,49,455128.9070384184,3702.665984597981,WI,WISCONSIN
2013,50,17094.553931516573,257.9104750998165,WY,WYOMING
2014,0,0.0,0.0,AL,ALABAMA
2014,2,5716.800332878664,249.16086402584813,AZ,ARIZONA
2014,3,245.2264438607051,4.83362030372615,AR,ARKANSAS
2014,4,27751.993141817427,450.9575976704066,CA,CALIFORNIA
2014,5,117733.6288088925,2321.3807022746614,CO,COLORADO
2014,6,1111.222060801483,20.51055278276236,CT,CONNECTICUT
2014,7,7206.0504683739455,84.15294355999626,DE,DELAWARE
2014,8,0.0,0.0,DC,DISTRICT OF COLUMBIA
2014,9,5341.61670553272,44.46005449082773,FL,FLORIDA
2014,10,104.12161262432218,0.5347536091680701,GA,GEORGIA
2014,12,1627.6715187269583,118.9994784519105,ID,IDAHO
2014,13,111187.85541909868,1597.4926429712466,IL,ILLINOIS
2014,14,145194.11821954107,2975.1723735782884,IN,INDIANA
2014,15,710401.5192461846,2776.3953511892423,IA,IOWA
2014,16,2084939.6376153803,9079.566439118702,KS,KANSAS
2014,17,7545.122241766187,120.1219189683058,KY,KENTUCKY
2014,18,7984.874822977475,115.30384380681959,LA,LOUISIANA
2014,19,441.700589587229,2.965543007835347,ME,MAINE
2014,20,15628.885003990688,157.16633284111435,MD,MARYLAND
2014,21,102.85603855565174,0.7948871255387359,MA,MASSACHUSETTS
2014,22,91277.83584366094,948.0585963661496,MI,MICHIGAN
2014,23,722916.5005485474,6887.4815452933,MN,MINNESOTA
2014,24,239.8793181930324,8.12544106463169,MS,MISSISSIPPI
2014,25,1603161.1554600524,6206.493299329276,MO,MISSOURI
2014,26,245.8107082427674,3.9814795005906456,MT,MONTANA
2014,27,1208954.491317947,7868.570830622141,NE,NEBRASKA
2014,28,0.0,0.0,NV,NEVADA
2014,29,0.0,0.0,NH,NEW HAMPSHIRE
2014,30,1992.1385876233248,61.10097759756631,NJ,NEW JERSEY
2014,31,44665.720694689066,692.1967935367602,NM,NEW MEXICO
2014,32,13571.52665032834,72.3806092835811,NY,NEW YORK
2014,33,43544.71725019503,425.4795105103996,NC,NORTH CAROLINA
2014,34,10748.916923207917,88.58785483176064,ND,NORTH DAKOTA
2014,35,135153.95081965346,4038.956665890368,OH,OHIO
2014,36,245692.89116769147,1118.6125751381298,OK,OKLAHOMA
2014,37,27906.59350568565,95.93932481530396,OR,OREGON
2014,38,1493.811791102959,55.41087239120412,PA,PENNSYLVANIA
2014,39,0.0,0.0,RI,RHODE ISLAND
2014,40,1458.3573079741022,7.509420252685055,SC,SOUTH CAROLINA
2014,41,104000.29250164496,978.4189399261188,SD,SOUTH DAKOTA
2014,42,11734.693615845084,132.96034430167288,TN,TENNESSEE
2014,43,524643.4282270082,4034.725195376578,TX,TEXAS
2014,44,1408.5608913220035,205.12451374799468,UT,UTAH
2014,45,38.84941414525319,1.4545885935546876,VT,VERMONT
2014,46,3721.2958835275294,55.90315198095004,VA,VIRGINIA
2014,47,39845.16022591532,280.9656786285528,WA,WASHINGTON
2014,48,46.47954228822389,0.6351495606611505,WV,WEST VIRGINIA
2014,49,16537.431273944694,71.2192547166802,WI,WISCONSIN
2014,50,1420.710200232077,25.083204022621707,WY,WYOMING
2015,0,44232.02328631672,399.62086741820224,AL,ALABAMA
2015,2,6098.544403861956,245.5293477207621,AZ,ARIZONA
2015,3,0.0,0.0,AR,ARKANSAS
2015,4,20387.610813161264,328.027978575598,CA,CALIFORNIA
2015,5,38464.67645486214,789.7277533351657,CO,COLORADO
2015,6,2.015098763285502,1.0005281176169074,CT,CONNECTICUT
2015,7,0.0,0.0,DE,DELAWARE
2015,8,0.0,0.0,DC,DISTRICT OF COLUMBIA
2015,9,186818.30629888218,635.5932771435155,FL,FLORIDA
2015,10,192060.1621320494,733.6652808630587,GA,GEORGIA
2015,12,1661.5583841041246,121.2279560508704,ID,IDAHO
2015,13,36133.96809410609,629.5008708322607,IL,ILLINOIS
2015,14,629610.4751352979,8216.156340379755,IN,INDIANA
2015,15,820914.9560382818,6351.552284366424,IA,IOWA
2015,16,910471.9912829464,4764.300903462517,KS,KANSAS
2015,17,0.0,0.0,KY,KENTUCKY
2015,18,2432.2846339198486,17.176257337425856,LA,LOUISIANA
2015,19,239.76349472123343,4.233111784937419,ME,MAINE
2015,20,1967.8336387314373,28.396110274145,MD,MARYLAND
2015,21,591.1824991512674,12.419406607610476,MA,MASSACHUSETTS
2015,22,79083.27216390132,2222.167606418724,MI,MICHIGAN
2015,23,145969.55842023794,1616.280167240317,MN,MINNESOTA
2015,24,1912.3919625583032,12.003802949277793,MS,MISSISSIPPI
2015,25,362269.4263519224,1896.1583144611848,MO,MISSOURI
2015,26,1552.7508365807455,11.198236510246696,MT,MONTANA
2015,27,295555.0271525534,3445.1339283023635,NE,NEBRASKA
2015,28,0.0,0.0,NV,NEVADA
2015,29,437.9450770168022,2.352317918405542,NH,NEW HAMPSHIRE
2015,30,540.5313992090045,39.54015600914779,NJ,NEW JERSEY
2015,31,17527.655465840126,229.9427582783312,NM,NEW MEXICO
2015,32,27031.31042565472,520.0211304984718,NY,NEW YORK
2015,33,382957.0623745317,2068.902391573982,NC,NORTH CAROLINA
2015,34,9233.62675687658,92.67595028117222,ND,NORTH DAKOTA
2015,35,341131.06377346086,5898.243324239606,OH,OHIO
2015,36,38243.699701369806,190.87671872768607,OK,OKLAHOMA
2015,37,33816.70806425332,134.5176646936252,OR,OREGON
2015,38,24170.45018558925,627.0901061059826,PA,PENNSYLVANIA
2015,39,0.4822155184562107,0.4300130207674461,RI,RHODE ISLAND
2015,40,251499.69966078576,918.5030187260472,SC,SOUTH CAROLINA
2015,41,202415.12080383737,2499.393649135595,SD,SOUTH DAKOTA
2015,42,2567.266505656883,80.14933570732211,TN,TENNESSEE
2015,43,13059.919968300612,94.67292832787828,TX,TEXAS
2015,44,1345.6883719132743,196.16986936196955,UT,UTAH
2015,45,2524.459424320636,34.58378587164987,VT,VERMONT
2015,46,1287.8210923916874,40.09214885400111,VA,VIRGINIA
2015,47,43756.101229773776,310.02713041157256,WA,WASHINGTON
2015,48,73.60638235781656,1.0562639970144447,WV,WEST VIRGINIA
2015,49,25914.940395616548,510.52523691780254,WI,WISCONSIN
2015,50,998.977896112387,15.543743215760362,WY,WYOMING
