,Year,state_id,Production_Loss(ton),Area_Loss(km^2),State_Code,State_Name
0,2021,0,79855.42812780761,454.0852842136645,AL,ALABAMA
1,2021,2,0.0,0.0,AZ,ARIZONA
2,2021,3,1649.6389177699557,26.296282860543656,AR,ARKANSAS
3,2021,4,1762.7035815314243,29.20824730829891,CA,CALIFORNIA
4,2021,5,160802.2098802347,1666.820013214681,CO,COLORADO
5,2021,6,12623.169801798227,101.12262260269462,CT,CONNECTICUT
6,2021,7,11144.45527314592,150.38544654846842,DE,DELAWARE
7,2021,8,0.0,0.0,DC,DISTRICT OF COLUMBIA
8,2021,9,15633.129364738877,52.7344875350014,FL,FLORIDA
9,2021,10,202383.34770461795,827.2224045875739,GA,GEORGIA
10,2021,12,5536.47308148799,261.56697923292523,ID,IDAHO
11,2021,13,1945210.604088465,18096.9577005117,IL,ILLINOIS
12,2021,14,1023228.3913664035,17221.179318137725,IN,INDIANA
13,2021,15,17199764.014413703,54260.33794548529,IA,IOWA
14,2021,16,693195.3574133432,3025.7279685218155,KS,KANSAS
15,2021,17,15736.311082668708,788.3975922707031,KY,KENTUCKY
16,2021,18,70031.37568773016,865.5663104883108,LA,LOUISIANA
17,2021,19,28.3368106227606,2.98280660977775,ME,MAINE
18,2021,20,83562.96174647323,772.7760207987701,MD,MARYLAND
19,2021,21,8803.715566689974,81.87996977674439,MA,MASSACHUSETTS
20,2021,22,121955.14172916344,1209.8630339845688,MI,MICHIGAN
21,2021,23,8934063.131471176,28098.535908428486,MN,MINNESOTA
22,2021,24,138020.4454230487,926.8929580758148,MS,MISSISSIPPI
23,2021,25,830949.7772215456,4922.389753386086,MO,MISSOURI
24,2021,26,0.0,0.0,MT,MONTANA
25,2021,27,3059775.7452473864,17039.358218105208,NE,NEBRASKA
26,2021,28,0.0,0.0,NV,NEVADA
27,2021,29,82.3579701287795,4.042763151890039,NH,NEW HAMPSHIRE
28,2021,30,19938.61152727996,201.9970787493341,NJ,NEW JERSEY
29,2021,31,0.0,0.0,NM,NEW MEXICO
30,2021,32,72676.86917003035,538.9209010048153,NY,NEW YORK
31,2021,33,110448.413986705,1529.6126917205474,NC,NORTH CAROLINA
32,2021,34,3038098.643564444,10163.978122938932,ND,NORTH DAKOTA
33,2021,35,443367.9336397725,4569.881148982252,OH,OHIO
34,2021,36,113904.62556441336,392.7257192505427,OK,OKLAHOMA
35,2021,37,1648.2321708569275,4.104749615971303,OR,OREGON
36,2021,38,59821.14304640585,528.571426360272,PA,PENNSYLVANIA
37,2021,39,1261.8053073162844,8.466530915842535,RI,RHODE ISLAND
38,2021,40,21271.678546366893,219.2414605733429,SC,SOUTH CAROLINA
39,2021,41,11275867.940375686,31792.06410625914,SD,SOUTH DAKOTA
40,2021,42,12674.686239990397,457.805810578501,TN,TENNESSEE
41,2021,43,298456.0837275386,1439.3790532007629,TX,TEXAS
42,2021,44,0.0,0.0,UT,UTAH
43,2021,45,263.83188268232,6.704224926891972,VT,VERMONT
44,2021,46,116488.43228047303,1106.6236281814734,VA,VIRGINIA
45,2021,47,75128.69481036646,345.4217066092187,WA,WASHINGTON
46,2021,48,12285.74030227665,126.45282359070576,WV,WEST VIRGINIA
47,2021,49,1235709.5274652378,9950.022580402769,WI,WISCONSIN
48,2021,50,31299.041609687745,478.0945874170056,WY,WYOMING
49,2022,0,4938.840916557185,45.72972565279515,AL,ALABAMA
50,2022,2,0.0,0.0,AZ,ARIZONA
51,2022,3,22234.7540711689,147.7386427376939,AR,ARKANSAS
52,2022,4,1101.2235704801851,17.58773998919135,CA,CALIFORNIA
53,2022,5,59559.09328251381,1201.897730553574,CO,COLORADO
54,2022,6,0.0,0.0,CT,CONNECTICUT
55,2022,7,722.428998814655,28.861781895539277,DE,DELAWARE
56,2022,8,0.0,0.0,DC,DISTRICT OF COLUMBIA
57,2022,9,0.0,0.0,FL,FLORIDA
58,2022,10,0.0,0.0,GA,GEORGIA
59,2022,12,2264.9980066231938,105.15759043038436,ID,IDAHO
60,2022,13,3002926.0733978804,20987.180122797905,IL,ILLINOIS
61,2022,14,827439.4460467681,7347.403083034203,IN,INDIANA
62,2022,15,867053.0036904786,5352.193910123717,IA,IOWA
63,2022,16,108829.25909839197,580.5235138991145,KS,KANSAS
64,2022,17,203530.05570338,2585.4801110450585,KY,KENTUCKY
65,2022,18,203528.2086601109,1503.1624909601212,LA,LOUISIANA
66,2022,19,389.3916612973953,12.058343428549335,ME,MAINE
67,2022,20,0.0,0.0,MD,MARYLAND
68,2022,21,1931.9724787582984,18.67350384625747,MA,MASSACHUSETTS
69,2022,22,378189.4696673995,2354.469820937651,MI,MICHIGAN
70,2022,23,762094.9273045926,4582.020607788259,MN,MINNESOTA
71,2022,24,38008.3857792261,445.7449219945082,MS,MISSISSIPPI
72,2022,25,180486.2594495552,1228.851272174235,MO,MISSOURI
73,2022,26,0.0,0.0,MT,MONTANA
74,2022,27,13022.486526622728,93.38950964655054,NE,NEBRASKA
75,2022,28,0.0,0.0,NV,NEVADA
76,2022,29,490.8760971710056,15.16123800408986,NH,NEW HAMPSHIRE
77,2022,30,2460.846874912935,19.38102152239732,NJ,NEW JERSEY
78,2022,31,0.0,0.0,NM,NEW MEXICO
79,2022,32,22101.31832101448,154.11682905298133,NY,NEW YORK
80,2022,33,5583.569624005845,180.03775121364492,NC,NORTH CAROLINA
81,2022,34,814082.1888091238,3415.574728298522,ND,NORTH DAKOTA
82,2022,35,394454.49419860495,3842.609008823142,OH,OHIO
83,2022,36,45421.74135341477,247.273985090804,OK,OKLAHOMA
84,2022,37,2796.558677989984,6.448324708983929,OR,OREGON
85,2022,38,54013.67397277219,351.8960882806814,PA,PENNSYLVANIA
86,2022,39,573.0922314308438,3.6854014428143618,RI,RHODE ISLAND
87,2022,40,0.0,0.0,SC,SOUTH CAROLINA
88,2022,41,1820567.9903877024,8022.994511285728,SD,SOUTH DAKOTA
89,2022,42,185547.2978924045,1377.14743742346,TN,TENNESSEE
90,2022,43,271795.16377813445,1411.3448944309966,TX,TEXAS
91,2022,44,0.0,0.0,UT,UTAH
92,2022,45,1324.061791151684,34.2403783748858,VT,VERMONT
93,2022,46,3347.072084963881,31.101226111310183,VA,VIRGINIA
94,2022,47,88811.28044821719,360.2341953466922,WA,WASHINGTON
95,2022,48,1285.9351194421276,15.725815438724505,WV,WEST VIRGINIA
96,2022,49,256119.16014004752,1715.8999230892491,WI,WISCONSIN
97,2022,50,9950.10039002055,203.8622115230264,WY,WYOMING
98,2023,0,0.0,0.0,AL,ALABAMA
99,2023,2,0.0,0.0,AZ,ARIZONA
100,2023,3,57.25224432862408,0.75323398158275,AR,ARKANSAS
101,2023,4,1415.1452865191625,22.6014117509089,CA,CALIFORNIA
102,2023,5,63015.55400382105,852.0383309604767,CO,COLORADO
103,2023,6,512.8646195434142,3.3282686926545124,CT,CONNECTICUT
104,2023,7,0.0,0.0,DE,DELAWARE
105,2023,8,0.0,0.0,DC,DISTRICT OF COLUMBIA
106,2023,9,0.0,0.0,FL,FLORIDA
107,2023,10,0.0,0.0,GA,GEORGIA
108,2023,12,477.8877512157101,21.347035868198084,ID,IDAHO
109,2023,13,1742287.2985390443,12263.691619219804,IL,ILLINOIS
110,2023,14,222852.8798683345,2207.625505489544,IN,INDIANA
111,2023,15,648022.3818617112,4526.079119406871,IA,IOWA
112,2023,16,762446.7481350014,3125.060045502792,KS,KANSAS
113,2023,17,14561.328761586698,129.38422458354268,KY,KENTUCKY
114,2023,18,0.0,0.0,LA,LOUISIANA
115,2023,19,0.0,0.0,ME,MAINE
116,2023,20,5704.127522120248,40.37152973398749,MD,MARYLAND
117,2023,21,1661.8134925495087,7.737645488379496,MA,MASSACHUSETTS
118,2023,22,73737.93283941466,469.4988837139011,MI,MICHIGAN
119,2023,23,1132247.2468391096,6738.7644758949,MN,MINNESOTA
120,2023,24,0.0,0.0,MS,MISSISSIPPI
121,2023,25,199696.1997235569,2045.9421603876235,MO,MISSOURI
122,2023,26,0.0,0.0,MT,MONTANA
123,2023,27,134540.07691646638,752.3174476714688,NE,NEBRASKA
124,2023,28,0.0,0.0,NV,NEVADA
125,2023,29,305.9825388772269,5.377100110691115,NH,NEW HAMPSHIRE
126,2023,30,80.70674758065081,0.4386845509512462,NJ,NEW JERSEY
127,2023,31,0.0,0.0,NM,NEW MEXICO
128,2023,32,30902.64556451484,198.8727771954764,NY,NEW YORK
129,2023,33,29774.763019219088,320.3262544802694,NC,NORTH CAROLINA
130,2023,34,1166164.6366545437,4725.026401390624,ND,NORTH DAKOTA
131,2023,35,210892.00706565028,2002.538767899679,OH,OHIO
132,2023,36,122853.48169175762,446.56511477577067,OK,OKLAHOMA
133,2023,37,3998.233048615665,9.358005120729985,OR,OREGON
134,2023,38,3062.770712828227,28.1832894593448,PA,PENNSYLVANIA
135,2023,39,211.4006900404276,0.9928481196628244,RI,RHODE ISLAND
136,2023,40,3687.2987044097663,32.74860469201873,SC,SOUTH CAROLINA
137,2023,41,2024602.064039812,9198.386639617804,SD,SOUTH DAKOTA
138,2023,42,978.0756504938664,5.234037864127082,TN,TENNESSEE
139,2023,43,328186.5089369175,1558.9544224971346,TX,TEXAS
140,2023,44,0.0,0.0,UT,UTAH
141,2023,45,359.20536042429364,3.509607156455817,VT,VERMONT
142,2023,46,6037.661466200774,67.93882704343932,VA,VIRGINIA
143,2023,47,78031.75147035118,411.0930512326278,WA,WASHINGTON
144,2023,48,0.0,0.0,WV,WEST VIRGINIA
145,2023,49,197723.3138516864,1197.095909655636,WI,WISCONSIN
146,2023,50,19592.386480191075,266.33681475729685,WY,WYOMING
147,2024,0,21564.35498192404,93.77469669819646,AL,ALABAMA
148,2024,2,0.0,0.0,AZ,ARIZONA
149,2024,3,21340.53258479775,87.55319542130101,AR,ARKANSAS
150,2024,4,7045.0647683277,116.27663080603465,CA,CALIFORNIA
151,2024,5,125829.1648660381,1421.3208837066106,CO,COLORADO
152,2024,6,0.0,0.0,CT,CONNECTICUT
153,2024,7,0.0,0.0,DE,DELAWARE
154,2024,8,0.0,0.0,DC,DISTRICT OF COLUMBIA
155,2024,9,36.03144302706973,0.3148327817224891,FL,FLORIDA
156,2024,10,448.3629845101008,2.4097197902112217,GA,GEORGIA
157,2024,12,2220.5346476419086,109.05091205662052,ID,IDAHO
158,2024,13,1271391.088321409,8644.563577540093,IL,ILLINOIS
159,2024,14,1104449.0069936966,5118.406921816636,IN,INDIANA
160,2024,15,126327.1114705335,962.1577434302528,IA,IOWA
161,2024,16,1021180.989998158,3955.215843547082,KS,KANSAS
162,2024,17,120246.53222450965,460.49934313527433,KY,KENTUCKY
163,2024,18,130729.77810884989,761.8488449336387,LA,LOUISIANA
164,2024,19,0.0,0.0,ME,MAINE
165,2024,20,0.0,0.0,MD,MARYLAND
166,2024,21,0.0,0.0,MA,MASSACHUSETTS
167,2024,22,242806.6467660948,1241.0021329326544,MI,MICHIGAN
168,2024,23,459437.9344514378,2864.8564308252007,MN,MINNESOTA
169,2024,24,427409.00510921306,1805.0977304882408,MS,MISSISSIPPI
170,2024,25,240416.987612927,1505.9501287583596,MO,MISSOURI
171,2024,26,0.0,0.0,MT,MONTANA
172,2024,27,183483.48193029643,1720.6847696964576,NE,NEBRASKA
173,2024,28,0.0,0.0,NV,NEVADA
174,2024,29,0.0,0.0,NH,NEW HAMPSHIRE
175,2024,30,0.0,0.0,NJ,NEW JERSEY
176,2024,31,0.0,0.0,NM,NEW MEXICO
177,2024,32,1444.2340834558788,5.052440259833567,NY,NEW YORK
178,2024,33,47359.33095792504,247.345892352824,NC,NORTH CAROLINA
179,2024,34,789054.470530552,2669.0812543017764,ND,NORTH DAKOTA
180,2024,35,246394.57850726132,1563.737233043886,OH,OHIO
181,2024,36,181627.2715797656,666.9312588765149,OK,OKLAHOMA
182,2024,37,4845.82904455831,11.77013137846072,OR,OREGON
183,2024,38,1622.043592383205,7.032697170768345,PA,PENNSYLVANIA
184,2024,39,0.0,0.0,RI,RHODE ISLAND
185,2024,40,53949.55983650026,273.5360230984608,SC,SOUTH CAROLINA
186,2024,41,808747.6387744289,4378.987438506527,SD,SOUTH DAKOTA
187,2024,42,187257.4905733409,663.0364952774217,TN,TENNESSEE
188,2024,43,1403412.9544344703,6774.027964967019,TX,TEXAS
189,2024,44,0.0,0.0,UT,UTAH
190,2024,45,0.0,0.0,VT,VERMONT
191,2024,46,1456.4965693138906,7.872473450705661,VA,VIRGINIA
192,2024,47,70767.38674216252,325.7994599546383,WA,WASHINGTON
193,2024,48,0.0,0.0,WV,WEST VIRGINIA
194,2024,49,944451.5466286304,5271.798912725553,WI,WISCONSIN
195,2024,50,8140.408017312407,174.4767554280296,WY,WYOMING
196,2025,0,14702.349386168094,189.07571140676333,AL,ALABAMA
197,2025,2,0.0,0.0,AZ,ARIZONA
198,2025,3,18422.970543649677,107.74909786757144,AR,ARKANSAS
199,2025,4,2769.6152151917427,45.58253068856124,CA,CALIFORNIA
200,2025,5,111765.46231962656,1530.2406868799849,CO,COLORADO
201,2025,6,2414.5639511936665,42.60869948569631,CT,CONNECTICUT
202,2025,7,21818.829070426174,223.2048054891494,DE,DELAWARE
203,2025,8,0.0,0.0,DC,DISTRICT OF COLUMBIA
204,2025,9,2190.5505524320884,39.10710918275495,FL,FLORIDA
205,2025,10,37915.171810518,376.485418427346,GA,GEORGIA
206,2025,12,8031.43869880812,398.2061761515589,ID,IDAHO
207,2025,13,508837.3413782566,4184.878042126212,IL,ILLINOIS
208,2025,14,159455.60497887846,2452.10422210064,IN,INDIANA
209,2025,15,3484894.9720391044,11896.316446774805,IA,IOWA
210,2025,16,834149.9827560253,2798.530561169531,KS,KANSAS
211,2025,17,109612.17429457582,899.5259667502044,KY,KENTUCKY
212,2025,18,212112.58690442084,1523.959633219077,LA,LOUISIANA
213,2025,19,31.230700119262224,3.8326791966018967,ME,MAINE
214,2025,20,44130.45409670721,359.10371665194566,MD,MARYLAND
215,2025,21,3960.584625727013,47.81239659445945,MA,MASSACHUSETTS
216,2025,22,223076.37726111733,1382.952438332136,MI,MICHIGAN
217,2025,23,1306590.0677691062,4460.11204336307,MN,MINNESOTA
218,2025,24,327656.2194764376,1708.6065116124255,MS,MISSISSIPPI
219,2025,25,92486.1776162286,463.88374936724233,MO,MISSOURI
220,2025,26,0.0,0.0,MT,MONTANA
221,2025,27,889787.287879143,5852.422801230648,NE,NEBRASKA
222,2025,28,0.0,0.0,NV,NEVADA
223,2025,29,168.69798983822756,11.28033900021166,NH,NEW HAMPSHIRE
224,2025,30,7147.73533071563,68.19259705746407,NJ,NEW JERSEY
225,2025,31,0.0,0.0,NM,NEW MEXICO
226,2025,32,136519.07958310522,1910.6972043658604,NY,NEW YORK
227,2025,33,165592.72105993226,1475.992069225213,NC,NORTH CAROLINA
228,2025,34,1687201.5769559075,6550.88909809662,ND,NORTH DAKOTA
229,2025,35,177074.7775117965,2528.3779696874594,OH,OHIO
230,2025,36,134484.83560878513,470.08515873833545,OK,OKLAHOMA
231,2025,37,6540.648581151641,13.81814912094163,OR,OREGON
232,2025,38,156533.05576234008,1866.7989225998328,PA,PENNSYLVANIA
233,2025,39,585.2912017554329,6.590375928539344,RI,RHODE ISLAND
234,2025,40,57137.990226131136,496.6890594344521,SC,SOUTH CAROLINA
235,2025,41,3392493.565321932,13731.367523218136,SD,SOUTH DAKOTA
236,2025,42,567812.2785830542,3039.3079085812087,TN,TENNESSEE
237,2025,43,180734.731663451,881.5422682373347,TX,TEXAS
238,2025,44,0.0,0.0,UT,UTAH
239,2025,45,1092.7843435122534,27.74815398726301,VT,VERMONT
240,2025,46,56334.68485353658,505.6358482387274,VA,VIRGINIA
241,2025,47,122200.18423723037,509.9974492492993,WA,WASHINGTON
242,2025,48,5397.693754302958,36.73869209481629,WV,WEST VIRGINIA
243,2025,49,1142879.968754712,5299.838589860111,WI,WISCONSIN
244,2025,50,37187.41309130974,627.0484744567914,WY,WYOMING
245,2026,0,102452.48109394556,915.8241951976984,AL,ALABAMA
246,2026,2,0.0,0.0,AZ,ARIZONA
247,2026,3,19817.08710700459,141.56805305183144,AR,ARKANSAS
248,2026,4,2812.148387319518,45.05746902504568,CA,CALIFORNIA
249,2026,5,103297.47837131988,1353.3861358022216,CO,COLORADO
250,2026,6,6359.693771520228,99.96856391074782,CT,CONNECTICUT
251,2026,7,71863.73193163252,474.5077845911116,DE,DELAWARE
252,2026,8,0.0,0.0,DC,DISTRICT OF COLUMBIA
253,2026,9,1589.8923650002748,7.708408115676473,FL,FLORIDA
254,2026,10,182158.19409572665,880.9583773006982,GA,GEORGIA
255,2026,12,4854.457100854726,265.037181934808,ID,IDAHO
256,2026,13,575984.6394053721,6146.391739118413,IL,ILLINOIS
257,2026,14,519682.6187624523,6796.093268664044,IN,INDIANA
258,2026,15,62780.34052015464,502.28125711523086,IA,IOWA
259,2026,16,676216.5348197559,2628.143098597236,KS,KANSAS
260,2026,17,485659.64402815816,5183.509664626772,KY,KENTUCKY
261,2026,18,133384.83012575703,1469.6519454199674,LA,LOUISIANA
262,2026,19,655.1336380548828,15.852112886278425,ME,MAINE
263,2026,20,170758.1646470674,919.8367098790792,MD,MARYLAND
264,2026,21,5459.989836435503,65.33512842369677,MA,MASSACHUSETTS
265,2026,22,81876.50429060846,1074.2905160129164,MI,MICHIGAN
266,2026,23,23611.70576033156,403.78162138454593,MN,MINNESOTA
267,2026,24,91946.1625344286,1084.115545535183,MS,MISSISSIPPI
268,2026,25,369153.80441365234,2024.9047914849048,MO,MISSOURI
269,2026,26,0.0,0.0,MT,MONTANA
270,2026,27,167296.1652063136,2109.7801729680423,NE,NEBRASKA
271,2026,28,0.0,0.0,NV,NEVADA
272,2026,29,500.4849746380712,16.297608321068903,NH,NEW HAMPSHIRE
273,2026,30,11305.145594156242,210.59581084461485,NJ,NEW JERSEY
274,2026,31,0.0,0.0,NM,NEW MEXICO
275,2026,32,40787.1739125604,478.40820896439857,NY,NEW YORK
276,2026,33,352221.9868301297,2289.516271161252,NC,NORTH CAROLINA
277,2026,34,552365.3967109196,2135.5671818869214,ND,NORTH DAKOTA
278,2026,35,233713.1147800669,5402.618585337535,OH,OHIO
279,2026,36,104227.23706271467,386.28528916554455,OK,OKLAHOMA
280,2026,37,6169.119041967846,13.81863529973496,OR,OREGON
281,2026,38,100055.21774840746,1001.8855749510484,PA,PENNSYLVANIA
282,2026,39,861.8139687507183,13.78777691559412,RI,RHODE ISLAND
283,2026,40,155926.61427139654,814.7057246815516,SC,SOUTH CAROLINA
284,2026,41,196963.63187682783,1810.8597144487844,SD,SOUTH DAKOTA
285,2026,42,342397.8327787033,2759.462071673487,TN,TENNESSEE
286,2026,43,304609.1806403708,1814.5014083923556,TX,TEXAS
287,2026,44,0.0,0.0,UT,UTAH
288,2026,45,927.8169354404158,26.389820326723804,VT,VERMONT
289,2026,46,118300.7437728826,689.198924180454,VA,VIRGINIA
290,2026,47,127487.51310033353,505.3533431878018,WA,WASHINGTON
291,2026,48,21923.38063945312,177.55985358870777,WV,WEST VIRGINIA
292,2026,49,76089.22528678538,1109.7706982679092,WI,WISCONSIN
293,2026,50,21246.16119748485,305.8713819777906,WY,WYOMING
294,2027,0,0.0,0.0,AL,ALABAMA
295,2027,2,0.0,0.0,AZ,ARIZONA
296,2027,3,14607.426385913344,179.73914473111196,AR,ARKANSAS
297,2027,4,5298.532197904952,84.77488041676108,CA,CALIFORNIA
298,2027,5,165161.45301599803,1684.249183163792,CO,COLORADO
299,2027,6,4414.382002106224,84.8767085543356,CT,CONNECTICUT
300,2027,7,3408.853993705641,62.46058996448397,DE,DELAWARE
301,2027,8,0.0,0.0,DC,DISTRICT OF COLUMBIA
302,2027,9,208.6248125695525,1.029258607683294,FL,FLORIDA
303,2027,10,9247.00548058458,68.14363129630621,GA,GEORGIA
304,2027,12,15901.794351514289,791.3626236652719,ID,IDAHO
305,2027,13,5687132.475258529,37511.58882015576,IL,ILLINOIS
306,2027,14,1148341.1435388837,11192.463016819704,IN,INDIANA
307,2027,15,11388523.468605349,43355.82349160535,IA,IOWA
308,2027,16,176245.23801368836,618.3802781661108,KS,KANSAS
309,2027,17,243604.3303581827,3142.616649853005,KY,KENTUCKY
310,2027,18,20.71459463034964,0.0505610334654426,LA,LOUISIANA
311,2027,19,1139.664803773347,17.353817270162153,ME,MAINE
312,2027,20,82950.11017523766,381.0770493541023,MD,MARYLAND
313,2027,21,8857.581551490108,115.80956515640858,MA,MASSACHUSETTS
314,2027,22,361066.4667388864,2178.256270742411,MI,MICHIGAN
315,2027,23,10226004.79338964,30980.26578336231,MN,MINNESOTA
316,2027,24,0.0,0.0,MS,MISSISSIPPI
317,2027,25,1093948.3285515122,5979.196957469367,MO,MISSOURI
318,2027,26,0.0,0.0,MT,MONTANA
319,2027,27,840176.2778598333,4896.421069655284,NE,NEBRASKA
320,2027,28,0.0,0.0,NV,NEVADA
321,2027,29,219.12918728354032,9.439331465247104,NH,NEW HAMPSHIRE
322,2027,30,5300.896217550939,115.4117108815708,NJ,NEW JERSEY
323,2027,31,2.5602709449444663,0.5770150485047294,NM,NEW MEXICO
324,2027,32,224718.0133585,3182.317897691856,NY,NEW YORK
325,2027,33,83029.79094337438,564.7592132715162,NC,NORTH CAROLINA
326,2027,34,2066217.610094952,7298.182309374046,ND,NORTH DAKOTA
327,2027,35,86705.34228884909,1340.8122629699733,OH,OHIO
328,2027,36,118256.1873973826,508.4535859683019,OK,OKLAHOMA
329,2027,37,6508.113799501933,13.46791607324614,OR,OREGON
330,2027,38,59338.86157397751,922.7514206818308,PA,PENNSYLVANIA
331,2027,39,1118.2404041806049,17.196180006147202,RI,RHODE ISLAND
332,2027,40,750.5199233808611,7.36845509112295,SC,SOUTH CAROLINA
333,2027,41,7603455.716772275,27350.97404463982,SD,SOUTH DAKOTA
334,2027,42,18311.649718367225,299.5214320594744,TN,TENNESSEE
335,2027,43,275606.5923259405,1847.9659618512255,TX,TEXAS
336,2027,44,0.0,0.0,UT,UTAH
337,2027,45,1312.077870495459,48.558770872822805,VT,VERMONT
338,2027,46,38923.04926231618,237.51962126592852,VA,VIRGINIA
339,2027,47,113337.79982786806,495.48853413905874,WA,WASHINGTON
340,2027,48,7280.315986644908,51.3869456743724,WV,WEST VIRGINIA
341,2027,49,1926391.5909515691,12006.29338688496,WI,WISCONSIN
342,2027,50,26692.35381424069,366.6512727286252,WY,WYOMING
343,2028,0,262146.1623819545,1265.864540557738,AL,ALABAMA
344,2028,2,0.0,0.0,AZ,ARIZONA
345,2028,3,157976.23921326146,667.2922465542522,AR,ARKANSAS
346,2028,4,9340.624494166728,158.02543060744918,CA,CALIFORNIA
347,2028,5,115422.91995094196,1433.856352098019,CO,COLORADO
348,2028,6,4759.684308002167,36.959616295610914,CT,CONNECTICUT
349,2028,7,26804.215807410103,243.28746968949835,DE,DELAWARE
350,2028,8,0.0,0.0,DC,DISTRICT OF COLUMBIA
351,2028,9,2528.2916260130296,15.31729850135447,FL,FLORIDA
352,2028,10,213907.0245457452,953.7304460175008,GA,GEORGIA
353,2028,12,15053.425461034914,736.4404855615911,ID,IDAHO
354,2028,13,13791762.715590004,46500.97044619907,IL,ILLINOIS
355,2028,14,6679425.082477478,27405.952537720223,IN,INDIANA
356,2028,15,23147884.19595421,56521.06454850835,IA,IOWA
357,2028,16,1868616.696494712,8327.113804605598,KS,KANSAS
358,2028,17,1474615.6615707998,8260.259829311417,KY,KENTUCKY
359,2028,18,185137.97458621385,1009.5868628012532,LA,LOUISIANA
360,2028,19,997.2168886395132,24.919246842029118,ME,MAINE
361,2028,20,75991.0573840976,697.236099654001,MD,MARYLAND
362,2028,21,6310.231903832753,51.505942142752616,MA,MASSACHUSETTS
363,2028,22,1157083.554760263,3407.979708477509,MI,MICHIGAN
364,2028,23,13006862.670128215,31968.377039637315,MN,MINNESOTA
365,2028,24,529410.0450094948,2290.802804155572,MS,MISSISSIPPI
366,2028,25,2612465.7349256505,12023.510431172952,MO,MISSOURI
367,2028,26,0.0,0.0,MT,MONTANA
368,2028,27,2679226.1541949804,12922.835857158512,NE,NEBRASKA
369,2028,28,0.0,0.0,NV,NEVADA
370,2028,29,532.9218344940838,10.24585648268935,NH,NEW HAMPSHIRE
371,2028,30,13904.19882405009,161.974593688877,NJ,NEW JERSEY
372,2028,31,0.0,0.0,NM,NEW MEXICO
373,2028,32,331731.62867404846,2372.7825201609985,NY,NEW YORK
374,2028,33,89337.41838542519,968.60195826922,NC,NORTH CAROLINA
375,2028,34,4522415.001544701,12478.141768771804,ND,NORTH DAKOTA
376,2028,35,2907878.0075422893,16432.330654413556,OH,OHIO
377,2028,36,219208.5109920983,982.1896151240968,OK,OKLAHOMA
378,2028,37,6152.264162201246,13.118199548688,OR,OREGON
379,2028,38,545321.3961417142,3983.656450564122,PA,PENNSYLVANIA
380,2028,39,1178.7834096101683,12.92392135462473,RI,RHODE ISLAND
381,2028,40,51200.67824763832,351.238177902545,SC,SOUTH CAROLINA
382,2028,41,10985484.36654082,30052.599023125877,SD,SOUTH DAKOTA
383,2028,42,667990.4730673383,3989.8503536356375,TN,TENNESSEE
384,2028,43,978031.5135412563,5673.499211740399,TX,TEXAS
385,2028,44,0.0,0.0,UT,UTAH
386,2028,45,2331.61372108818,44.87548194422545,VT,VERMONT
387,2028,46,41374.884222886096,403.0786517113222,VA,VIRGINIA
388,2028,47,116864.6614475714,476.8593565907174,WA,WASHINGTON
389,2028,48,27668.89054396585,299.2943895419806,WV,WEST VIRGINIA
390,2028,49,5823077.136459698,16124.699528825768,WI,WISCONSIN
391,2028,50,22509.52461031547,326.2421535397248,WY,WYOMING
392,2029,0,0.0,0.0,AL,ALABAMA
393,2029,2,0.0,0.0,AZ,ARIZONA
394,2029,3,0.0,0.0,AR,ARKANSAS
395,2029,4,9639.627813175635,154.2342675913481,CA,CALIFORNIA
396,2029,5,324393.73777651903,3534.6264779293606,CO,COLORADO
397,2029,6,0.0,0.0,CT,CONNECTICUT
398,2029,7,0.0,0.0,DE,DELAWARE
399,2029,8,0.0,0.0,DC,DISTRICT OF COLUMBIA
400,2029,9,272.01516256516845,1.1321466141217331,FL,FLORIDA
401,2029,10,133.21772230260729,1.8628423539669765,GA,GEORGIA
402,2029,12,7758.031906807535,346.93312588663025,ID,IDAHO
403,2029,13,1236763.1527952435,12363.839475621671,IL,ILLINOIS
404,2029,14,19629.96712107883,527.8030109696501,IN,INDIANA
405,2029,15,20233724.7108598,52943.68661009449,IA,IOWA
406,2029,16,2410368.441340264,9991.797092270326,KS,KANSAS
407,2029,17,0.0,0.0,KY,KENTUCKY
408,2029,18,65.69735988443536,0.7570674689216019,LA,LOUISIANA
409,2029,19,105.0696587032434,1.5955779106984913,ME,MAINE
410,2029,20,450.48846860933577,4.703812360357689,MD,MARYLAND
411,2029,21,0.0,0.0,MA,MASSACHUSETTS
412,2029,22,285772.22638944886,2197.2106270567906,MI,MICHIGAN
413,2029,23,8618107.383169796,26453.800313558346,MN,MINNESOTA
414,2029,24,0.0,0.0,MS,MISSISSIPPI
415,2029,25,1008213.5642360116,6936.692367198393,MO,MISSOURI
416,2029,26,0.0,0.0,MT,MONTANA
417,2029,27,4344775.399583269,21504.65862086093,NE,NEBRASKA
418,2029,28,0.0,0.0,NV,NEVADA
419,2029,29,270.20476192959507,6.466945369237008,NH,NEW HAMPSHIRE
420,2029,30,0.0,0.0,NJ,NEW JERSEY
421,2029,31,0.0,0.0,NM,NEW MEXICO
422,2029,32,30.60870568948608,1.9162111826900043,NY,NEW YORK
423,2029,33,236.6713785292661,11.68462517596171,NC,NORTH CAROLINA
424,2029,34,4029626.2526229736,11644.099414520086,ND,NORTH DAKOTA
425,2029,35,71549.7033011081,1034.9734085259818,OH,OHIO
426,2029,36,139197.48013432062,538.886040678584,OK,OKLAHOMA
427,2029,37,6153.880065010222,13.118358006085678,OR,OREGON
428,2029,38,0.0,0.0,PA,PENNSYLVANIA
429,2029,39,0.0,0.0,RI,RHODE ISLAND
430,2029,40,382.4362732400686,14.321509590294207,SC,SOUTH CAROLINA
431,2029,41,12435225.540066116,34355.12846075275,SD,SOUTH DAKOTA
432,2029,42,0.0,0.0,TN,TENNESSEE
433,2029,43,306083.5969396699,1665.103856292167,TX,TEXAS
434,2029,44,0.0,0.0,UT,UTAH
435,2029,45,603.5364135721588,6.277555403287964,VT,VERMONT
436,2029,46,362.9878197834841,4.5207229115422445,VA,VIRGINIA
437,2029,47,106318.22843400738,466.4416769460249,WA,WASHINGTON
438,2029,48,0.0,0.0,WV,WEST VIRGINIA
439,2029,49,2031605.0417860693,8850.904393429628,WI,WISCONSIN
440,2029,50,54137.49685879145,769.5563509700795,WY,WYOMING
441,2030,0,32671.599948051942,171.3215294028057,AL,ALABAMA
442,2030,2,0.0,0.0,AZ,ARIZONA
443,2030,3,33927.41166964419,172.66844362698578,AR,ARKANSAS
444,2030,4,11449.28804557203,185.5690744230781,CA,CALIFORNIA
445,2030,5,265407.61707232613,3028.482792059789,CO,COLORADO
446,2030,6,0.0,0.0,CT,CONNECTICUT
447,2030,7,305.050728187136,2.2704420475041167,DE,DELAWARE
448,2030,8,0.0,0.0,DC,DISTRICT OF COLUMBIA
449,2030,9,1898.8761496976201,7.634041931444318,FL,FLORIDA
450,2030,10,108031.23228653854,469.5207472331714,GA,GEORGIA
451,2030,12,11294.868877680812,541.0097597337231,ID,IDAHO
452,2030,13,252705.0943493193,1920.2447573959037,IL,ILLINOIS
453,2030,14,45763.07994784603,1447.9760011218143,IN,INDIANA
454,2030,15,755290.087598539,5463.464922943927,IA,IOWA
455,2030,16,1534198.1882053893,4913.490793622069,KS,KANSAS
456,2030,17,409836.0874918779,3659.062203323048,KY,KENTUCKY
457,2030,18,826419.7045407911,3616.74983667433,LA,LOUISIANA
458,2030,19,160.07138613203986,7.226408446585042,ME,MAINE
459,2030,20,9193.70078379856,88.97371936367236,MD,MARYLAND
460,2030,21,0.0,0.0,MA,MASSACHUSETTS
461,2030,22,99533.84499809847,1361.854427457585,MI,MICHIGAN
462,2030,23,219428.3895950241,1764.257200277248,MN,MINNESOTA
463,2030,24,474244.0390926469,1899.767678871713,MS,MISSISSIPPI
464,2030,25,159250.12870465007,1371.355057813752,MO,MISSOURI
465,2030,26,0.0,0.0,MT,MONTANA
466,2030,27,3289247.165792524,15878.837448101289,NE,NEBRASKA
467,2030,28,0.0,0.0,NV,NEVADA
468,2030,29,262.20922881644736,5.058078561371104,NH,NEW HAMPSHIRE
469,2030,30,7034.9851466725695,100.58044515550864,NJ,NEW JERSEY
470,2030,31,0.0,0.0,NM,NEW MEXICO
471,2030,32,14743.685494237385,139.90740688468384,NY,NEW YORK
472,2030,33,410114.954233268,2135.5206333989213,NC,NORTH CAROLINA
473,2030,34,2570619.465068328,9324.450345084242,ND,NORTH DAKOTA
474,2030,35,266717.5244580473,5015.499375032976,OH,OHIO
475,2030,36,154304.99814170884,635.4485443301419,OK,OKLAHOMA
476,2030,37,7415.973901149692,32.03899293285383,OR,OREGON
477,2030,38,24366.17477962377,303.5645193787562,PA,PENNSYLVANIA
478,2030,39,0.0,0.0,RI,RHODE ISLAND
479,2030,40,339478.474533574,1404.743039169537,SC,SOUTH CAROLINA
480,2030,41,6085517.40461247,24634.76241915063,SD,SOUTH DAKOTA
481,2030,42,210780.27117780384,1457.4900768050734,TN,TENNESSEE
482,2030,43,652605.9889978563,3264.2617000016626,TX,TEXAS
483,2030,44,0.0,0.0,UT,UTAH
484,2030,45,316.68422644726166,5.136737604431251,VT,VERMONT
485,2030,46,3028.2291687644984,41.41259398455526,VA,VIRGINIA
486,2030,47,117665.22203320042,497.7310940149275,WA,WASHINGTON
487,2030,48,9519.521616986098,94.19560040972436,WV,WEST VIRGINIA
488,2030,49,34141.67332187778,499.1565386545506,WI,WISCONSIN
489,2030,50,25365.41035533695,390.078054204355,WY,WYOMING
490,2031,0,0.0,0.0,AL,ALABAMA
491,2031,2,0.0,0.0,AZ,ARIZONA
492,2031,3,0.0,0.0,AR,ARKANSAS
493,2031,4,9047.6598892754,145.0253207813538,CA,CALIFORNIA
494,2031,5,146911.49520496966,2406.870918921253,CO,COLORADO
495,2031,6,18014.20954377878,165.28228816868852,CT,CONNECTICUT
496,2031,7,164440.66471042534,717.4826845785554,DE,DELAWARE
497,2031,8,0.0,0.0,DC,DISTRICT OF COLUMBIA
498,2031,9,0.0,0.0,FL,FLORIDA
499,2031,10,0.0,0.0,GA,GEORGIA
500,2031,12,11441.608871079316,521.8063901027855,ID,IDAHO
501,2031,13,5710725.007177644,25859.143111674148,IL,ILLINOIS
502,2031,14,3501309.8757783603,20040.240401365445,IN,INDIANA
503,2031,15,4687789.614090833,22156.324141230267,IA,IOWA
504,2031,16,2299697.239532365,8697.526098296703,KS,KANSAS
505,2031,17,18699.124577902705,119.57155074284512,KY,KENTUCKY
506,2031,18,0.0,0.0,LA,LOUISIANA
507,2031,19,2268.654658730295,31.18712831289917,ME,MAINE
508,2031,20,439306.8737405317,2107.7324195962333,MD,MARYLAND
509,2031,21,10931.84524736016,153.85357526497182,MA,MASSACHUSETTS
510,2031,22,618186.1382743164,3054.9248741151096,MI,MICHIGAN
511,2031,23,1259588.3482792594,6342.952385619141,MN,MINNESOTA
512,2031,24,0.0,0.0,MS,MISSISSIPPI
513,2031,25,2807038.3700454887,11472.728593218751,MO,MISSOURI
514,2031,26,0.0,0.0,MT,MONTANA
515,2031,27,2517278.350840404,15118.307901736149,NE,NEBRASKA
516,2031,28,0.0,0.0,NV,NEVADA
517,2031,29,618.5409356084473,13.523060133322767,NH,NEW HAMPSHIRE
518,2031,30,167017.93342366902,791.8543092579814,NJ,NEW JERSEY
519,2031,31,0.0,0.0,NM,NEW MEXICO
520,2031,32,446582.9552633477,3461.656002268057,NY,NEW YORK
521,2031,33,56228.89057973604,792.5793138356944,NC,NORTH CAROLINA
522,2031,34,2033387.675538757,6587.13815889973,ND,NORTH DAKOTA
523,2031,35,1487765.1876758852,9410.893579098309,OH,OHIO
524,2031,36,141837.58282851384,524.6086863616678,OK,OKLAHOMA
525,2031,37,5361.309462083338,12.620097254778065,OR,OREGON
526,2031,38,1236050.349097873,9485.302786120375,PA,PENNSYLVANIA
527,2031,39,1742.1112891920204,25.01039018593154,RI,RHODE ISLAND
528,2031,40,25.705448857373703,3.1045225689551628,SC,SOUTH CAROLINA
529,2031,41,3543623.4527468192,19038.696727748826,SD,SOUTH DAKOTA
530,2031,42,0.0,0.0,TN,TENNESSEE
531,2031,43,406902.6192210931,2344.5081386679703,TX,TEXAS
532,2031,44,0.0,0.0,UT,UTAH
533,2031,45,3495.82653343892,68.77526869051762,VT,VERMONT
534,2031,46,129834.67502024808,1261.902779321255,VA,VIRGINIA
535,2031,47,79393.52017057379,386.4287989725264,WA,WASHINGTON
536,2031,48,45502.01332479148,391.2180153011162,WV,WEST VIRGINIA
537,2031,49,430361.8740018634,3143.162075931088,WI,WISCONSIN
538,2031,50,40768.590416120045,587.628504950549,WY,WYOMING
539,2032,0,15.770801506754491,2.7045387707920274,AL,ALABAMA
540,2032,2,0.0,0.0,AZ,ARIZONA
541,2032,3,6042.946578458489,76.53615432513297,AR,ARKANSAS
542,2032,4,8323.794612390904,133.79074909532198,CA,CALIFORNIA
543,2032,5,249474.8584891157,3135.6783935384165,CO,COLORADO
544,2032,6,0.0,0.0,CT,CONNECTICUT
545,2032,7,5944.616305526738,266.9802108470782,DE,DELAWARE
546,2032,8,0.0,0.0,DC,DISTRICT OF COLUMBIA
547,2032,9,240.7762287533636,4.7436327609794775,FL,FLORIDA
548,2032,10,7245.234974221321,55.01120028415674,GA,GEORGIA
549,2032,12,20767.591717706204,933.9490169577726,ID,IDAHO
550,2032,13,604600.9156138208,10611.513340906724,IL,ILLINOIS
551,2032,14,172372.8764886323,3382.929181807577,IN,INDIANA
552,2032,15,365151.1276989214,4652.641250803538,IA,IOWA
553,2032,16,1286433.6005255266,6596.960473153877,KS,KANSAS
554,2032,17,7592.687704283328,140.00978656260995,KY,KENTUCKY
555,2032,18,39726.577810652976,511.6202467924026,LA,LOUISIANA
556,2032,19,554.3549244527995,22.585683414482563,ME,MAINE
557,2032,20,6472.3325404137295,217.4743983707052,MD,MARYLAND
558,2032,21,0.0,0.0,MA,MASSACHUSETTS
559,2032,22,153387.45781570527,1718.6603269144955,MI,MICHIGAN
560,2032,23,167813.6571483509,1121.478496500848,MN,MINNESOTA
561,2032,24,7239.183303812129,77.5693380979049,MS,MISSISSIPPI
562,2032,25,1386872.3033902852,11242.909423706353,MO,MISSOURI
563,2032,26,0.0,0.0,MT,MONTANA
564,2032,27,778598.0152215962,6147.933378680232,NE,NEBRASKA
565,2032,28,0.0,0.0,NV,NEVADA
566,2032,29,0.0,0.0,NH,NEW HAMPSHIRE
567,2032,30,8065.83590902993,174.65855889141918,NJ,NEW JERSEY
568,2032,31,10.533491199813817,0.6428952811360557,NM,NEW MEXICO
569,2032,32,6809.07733451786,56.413427320223946,NY,NEW YORK
570,2032,33,4077.598469310568,204.57632229404925,NC,NORTH CAROLINA
571,2032,34,951060.3214489532,5951.561859373457,ND,NORTH DAKOTA
572,2032,35,138029.1815531155,2782.7884841069394,OH,OHIO
573,2032,36,121336.49671832904,449.09645529981975,OK,OKLAHOMA
574,2032,37,6948.7526709833655,27.296540890582243,OR,OREGON
575,2032,38,52785.58890802915,849.6056112437153,PA,PENNSYLVANIA
576,2032,39,0.0,0.0,RI,RHODE ISLAND
577,2032,40,0.0,0.0,SC,SOUTH CAROLINA
578,2032,41,2635443.7358908136,14152.420144927177,SD,SOUTH DAKOTA
579,2032,42,341.10241227551137,28.267847903942982,TN,TENNESSEE
580,2032,43,249975.68105365874,1453.0436294615324,TX,TEXAS
581,2032,44,0.0,0.0,UT,UTAH
582,2032,45,0.0,0.0,VT,VERMONT
583,2032,46,842.703178691277,27.547057364921763,VA,VIRGINIA
584,2032,47,133992.0396402471,498.75924715246833,WA,WASHINGTON
585,2032,48,2587.675510518384,82.01541856776093,WV,WEST VIRGINIA
586,2032,49,198991.0391786733,2280.7586708464505,WI,WISCONSIN
587,2032,50,48928.36075563329,735.5386178191405,WY,WYOMING
588,2033,0,44868.95896149728,197.0714050376854,AL,ALABAMA
589,2033,2,0.0,0.0,AZ,ARIZONA
590,2033,3,21041.59494154529,129.56554251692015,AR,ARKANSAS
591,2033,4,2061.4936999092906,33.14788913492594,CA,CALIFORNIA
592,2033,5,234842.0394311574,2610.281978381713,CO,COLORADO
593,2033,6,8814.891672845108,118.54200224359552,CT,CONNECTICUT
594,2033,7,77677.30471347713,541.2383884506528,DE,DELAWARE
595,2033,8,0.0,0.0,DC,DISTRICT OF COLUMBIA
596,2033,9,406.73078664586075,2.1920896861858425,FL,FLORIDA
597,2033,10,18113.020716643867,110.862885017704,GA,GEORGIA
598,2033,12,2419.8429735094583,111.80900949723625,ID,IDAHO
599,2033,13,226344.8045266978,1475.748591905749,IL,ILLINOIS
600,2033,14,237570.85839700128,2285.225829023965,IN,INDIANA
601,2033,15,0.0,0.0,IA,IOWA
602,2033,16,492632.3005463889,1816.4350473893835,KS,KANSAS
603,2033,17,634311.885181244,4957.245859921758,KY,KENTUCKY
604,2033,18,13.88344921669376,0.2017137655152339,LA,LOUISIANA
605,2033,19,2659.3209491615157,29.097058811434536,ME,MAINE
606,2033,20,58972.58910924962,555.835212083081,MD,MARYLAND
607,2033,21,10364.54141031081,139.2706949304726,MA,MASSACHUSETTS
608,2033,22,19691.24037911297,281.3182849630032,MI,MICHIGAN
609,2033,23,2404.1782290592178,26.818911536727786,MN,MINNESOTA
610,2033,24,0.0,0.0,MS,MISSISSIPPI
611,2033,25,111354.67872494938,680.161466473993,MO,MISSOURI
612,2033,26,0.0,0.0,MT,MONTANA
613,2033,27,253728.803258184,1391.6375267052224,NE,NEBRASKA
614,2033,28,0.0,0.0,NV,NEVADA
615,2033,29,2261.184731659453,21.04706698142024,NH,NEW HAMPSHIRE
616,2033,30,99585.34954140092,635.7844372731879,NJ,NEW JERSEY
617,2033,31,0.0,0.0,NM,NEW MEXICO
618,2033,32,78063.36358058627,1563.554968445263,NY,NEW YORK
619,2033,33,423499.46453559934,2570.86194143092,NC,NORTH CAROLINA
620,2033,34,47679.022667128775,271.28697757849943,ND,NORTH DAKOTA
621,2033,35,48228.92988335895,875.9859050945465,OH,OHIO
622,2033,36,50678.9997434908,207.3724717044904,OK,OKLAHOMA
623,2033,37,5755.880598684915,12.619655634357803,OR,OREGON
624,2033,38,166490.17610382452,1615.437393779393,PA,PENNSYLVANIA
625,2033,39,364.9542497377794,12.601445118780754,RI,RHODE ISLAND
626,2033,40,48414.46174116914,336.6262998713503,SC,SOUTH CAROLINA
627,2033,41,88397.96139668135,760.8816697495233,SD,SOUTH DAKOTA
628,2033,42,179383.78754646663,1404.6420603257243,TN,TENNESSEE
629,2033,43,435771.7204819556,2585.021703184401,TX,TEXAS
630,2033,44,0.0,0.0,UT,UTAH
631,2033,45,5701.987411979559,73.96565673498854,VT,VERMONT
632,2033,46,88268.84648237699,681.0751088891728,VA,VIRGINIA
633,2033,47,97795.24752399142,427.9513035542304,WA,WASHINGTON
634,2033,48,2386.122512058092,62.61155901916319,WV,WEST VIRGINIA
635,2033,49,7361.8686631818,71.35420827127666,WI,WISCONSIN
636,2033,50,19131.547230109078,322.8441584667111,WY,WYOMING
637,2034,0,116.50594748790006,16.396036810779407,AL,ALABAMA
638,2034,2,0.0,0.0,AZ,ARIZONA
639,2034,3,7498.854244643206,69.9901580087687,AR,ARKANSAS
640,2034,4,13052.3500887575,215.91426755650505,CA,CALIFORNIA
641,2034,5,477388.017049086,4716.18124128449,CO,COLORADO
642,2034,6,2278.926532262054,78.50845986112009,CT,CONNECTICUT
643,2034,7,95546.75820512327,636.8683282388275,DE,DELAWARE
644,2034,8,0.0,0.0,DC,DISTRICT OF COLUMBIA
645,2034,9,0.0,0.0,FL,FLORIDA
646,2034,10,0.0,0.0,GA,GEORGIA
647,2034,12,18842.176590030555,878.8726853368387,ID,IDAHO
648,2034,13,100983.01274004077,778.556775247711,IL,ILLINOIS
649,2034,14,75329.83778045372,1065.470148682035,IN,INDIANA
650,2034,15,1161713.955604474,9334.305233633677,IA,IOWA
651,2034,16,2376088.079045772,10107.23617966947,KS,KANSAS
652,2034,17,646.9178984131028,33.44430214112655,KY,KENTUCKY
653,2034,18,1952.976013940738,65.8810983356749,LA,LOUISIANA
654,2034,19,0.0,0.0,ME,MAINE
655,2034,20,78692.62647091523,549.3700878998692,MD,MARYLAND
656,2034,21,859.3424277943973,11.633007017043994,MA,MASSACHUSETTS
657,2034,22,7831.942980736614,116.30933864786522,MI,MICHIGAN
658,2034,23,714690.8032432046,8072.771268692127,MN,MINNESOTA
659,2034,24,379.31322105551016,4.049415108428215,MS,MISSISSIPPI
660,2034,25,1643686.2695300826,9480.460557696855,MO,MISSOURI
661,2034,26,0.0,0.0,MT,MONTANA
662,2034,27,3361968.556755388,19372.678885603516,NE,NEBRASKA
663,2034,28,0.0,0.0,NV,NEVADA
664,2034,29,0.0,0.0,NH,NEW HAMPSHIRE
665,2034,30,9508.41595286718,100.03464478011055,NJ,NEW JERSEY
666,2034,31,9.077338054302103,0.7088333491816139,NM,NEW MEXICO
667,2034,32,5605.603738650368,94.94623127499312,NY,NEW YORK
668,2034,33,174783.32370620136,1313.3894649912736,NC,NORTH CAROLINA
669,2034,34,574557.3525707078,3264.813414503068,ND,NORTH DAKOTA
670,2034,35,7930.294192423097,250.4668844838004,OH,OHIO
671,2034,36,125513.61104472991,468.400296450493,OK,OKLAHOMA
672,2034,37,6082.194957037184,12.62001870190921,OR,OREGON
673,2034,38,1782.3962348127711,157.7434955803725,PA,PENNSYLVANIA
674,2034,39,1204.971615280721,22.392938705879477,RI,RHODE ISLAND
675,2034,40,6396.912684086241,83.48101070475731,SC,SOUTH CAROLINA
676,2034,41,3616782.181473092,21535.81617321561,SD,SOUTH DAKOTA
677,2034,42,5976.021741970752,74.72423515730287,TN,TENNESSEE
678,2034,43,610137.199684604,3302.0091501445017,TX,TEXAS
679,2034,44,0.0,0.0,UT,UTAH
680,2034,45,0.0,0.0,VT,VERMONT
681,2034,46,65710.42324878034,365.8610069385311,VA,VIRGINIA
682,2034,47,137774.26587001295,538.2814506045205,WA,WASHINGTON
683,2034,48,2308.545081177024,47.493683869889935,WV,WEST VIRGINIA
684,2034,49,130497.60698731216,1989.2866101573416,WI,WISCONSIN
685,2034,50,74735.02889539985,1043.2125120063372,WY,WYOMING
686,2035,0,3643.6453882638,125.57260279361776,AL,ALABAMA
687,2035,2,0.0,0.0,AZ,ARIZONA
688,2035,3,9850.02456709558,90.26081107719256,AR,ARKANSAS
689,2035,4,8206.135365366943,131.0609207712908,CA,CALIFORNIA
690,2035,5,56524.80745005597,705.3680923939922,CO,COLORADO
691,2035,6,6.878018014299474,1.8683693813272364,CT,CONNECTICUT
692,2035,7,25163.82001872812,367.6827580027616,DE,DELAWARE
693,2035,8,0.0,0.0,DC,DISTRICT OF COLUMBIA
694,2035,9,0.0,0.0,FL,FLORIDA
695,2035,10,132.010723205081,1.5049641013499848,GA,GEORGIA
696,2035,12,4001.4507310988,181.7384741426297,ID,IDAHO
697,2035,13,233559.75180699717,1305.8554019906553,IL,ILLINOIS
698,2035,14,112690.91619405264,1187.7185969788711,IN,INDIANA
699,2035,15,19282.927953716517,115.55759265709364,IA,IOWA
700,2035,16,165301.04820323794,793.9367942743324,KS,KANSAS
701,2035,17,79930.631521423,928.1242691056714,KY,KENTUCKY
702,2035,18,75118.2954956099,726.3358564101286,LA,LOUISIANA
703,2035,19,306.1172575845459,11.542293478561191,ME,MAINE
704,2035,20,64573.11418162672,976.9863130882104,MD,MARYLAND
705,2035,21,2564.527709120497,48.59056029458726,MA,MASSACHUSETTS
706,2035,22,18351.69484587072,306.5074079268333,MI,MICHIGAN
707,2035,23,131561.06197020967,717.716751154449,MN,MINNESOTA
708,2035,24,11258.021532560437,127.5197849448611,MS,MISSISSIPPI
709,2035,25,102930.48285137748,627.8544464423312,MO,MISSOURI
710,2035,26,0.0,0.0,MT,MONTANA
711,2035,27,210063.91125098075,2423.8100604732363,NE,NEBRASKA
712,2035,28,0.0,0.0,NV,NEVADA
713,2035,29,454.59483444822473,14.108093655408066,NH,NEW HAMPSHIRE
714,2035,30,7605.778479912118,182.2246819717392,NJ,NEW JERSEY
715,2035,31,0.0,0.0,NM,NEW MEXICO
716,2035,32,37554.06338797973,795.5211025064939,NY,NEW YORK
717,2035,33,4454.660547153108,580.2435349058212,NC,NORTH CAROLINA
718,2035,34,505504.5435094417,2913.047643775095,ND,NORTH DAKOTA
719,2035,35,12369.085180430096,230.9440280637037,OH,OHIO
720,2035,36,76738.97809353426,322.07036952218914,OK,OKLAHOMA
721,2035,37,5498.388952212956,12.619725272373676,OR,OREGON
722,2035,38,40065.44322922402,762.6799942644302,PA,PENNSYLVANIA
723,2035,39,65.56183923422785,5.945421840455415,RI,RHODE ISLAND
724,2035,40,0.0,0.0,SC,SOUTH CAROLINA
725,2035,41,714849.6841454771,4972.284995113581,SD,SOUTH DAKOTA
726,2035,42,95011.58144944042,967.065060934632,TN,TENNESSEE
727,2035,43,395760.5162845212,2081.4614159610005,TX,TEXAS
728,2035,44,0.0,0.0,UT,UTAH
729,2035,45,771.5926191084952,33.18651614927087,VT,VERMONT
730,2035,46,6246.238487675705,162.38253030157568,VA,VIRGINIA
731,2035,47,103567.46391626175,470.1798320426295,WA,WASHINGTON
732,2035,48,2429.2998536488826,48.4879839290433,WV,WEST VIRGINIA
733,2035,49,70105.65579567134,1401.4957135952816,WI,WISCONSIN
734,2035,50,27961.323896526905,538.1590488630649,WY,WYOMING
735,2036,0,10412.165868461978,163.44990896270272,AL,ALABAMA
736,2036,2,0.0,0.0,AZ,ARIZONA
737,2036,3,306908.8210934406,1312.4356456269277,AR,ARKANSAS
738,2036,4,13197.259522798237,210.774610423244,CA,CALIFORNIA
739,2036,5,413098.9661082834,4428.329283128041,CO,COLORADO
740,2036,6,0.0,0.0,CT,CONNECTICUT
741,2036,7,0.0,0.0,DE,DELAWARE
742,2036,8,0.0,0.0,DC,DISTRICT OF COLUMBIA
743,2036,9,0.0,0.0,FL,FLORIDA
744,2036,10,4946.386086230734,27.005019436870278,GA,GEORGIA
745,2036,12,6055.5860269221175,275.3702158950827,ID,IDAHO
746,2036,13,4279497.954024495,25980.333763575414,IL,ILLINOIS
747,2036,14,1157589.8386116638,6752.683745913912,IN,INDIANA
748,2036,15,4867308.819229338,25115.56820673085,IA,IOWA
749,2036,16,2140159.348327,8811.42459089429,KS,KANSAS
750,2036,17,252491.39421528083,1855.2791182066785,KY,KENTUCKY
751,2036,18,632402.2214970887,3257.5349660005304,LA,LOUISIANA
752,2036,19,0.0,0.0,ME,MAINE
753,2036,20,0.0,0.0,MD,MARYLAND
754,2036,21,9.41480425787691,3.3593873609918568,MA,MASSACHUSETTS
755,2036,22,96504.4331446518,438.66413314046974,MI,MICHIGAN
756,2036,23,1636880.8817388488,12344.77009085602,MN,MINNESOTA
757,2036,24,301423.9507625075,1863.0716373392588,MS,MISSISSIPPI
758,2036,25,2691836.2357738637,13407.665936479098,MO,MISSOURI
759,2036,26,0.0,0.0,MT,MONTANA
760,2036,27,3822831.538545359,20357.12696821202,NE,NEBRASKA
761,2036,28,0.0,0.0,NV,NEVADA
762,2036,29,0.0,0.0,NH,NEW HAMPSHIRE
763,2036,30,0.0,0.0,NJ,NEW JERSEY
764,2036,31,0.0,0.0,NM,NEW MEXICO
765,2036,32,0.0,0.0,NY,NEW YORK
766,2036,33,102283.44354808962,807.5971172507059,NC,NORTH CAROLINA
767,2036,34,2241142.068569138,9165.644658682184,ND,NORTH DAKOTA
768,2036,35,101163.94483720275,551.035211332525,OH,OHIO
769,2036,36,233565.52150822192,1019.9631049615874,OK,OKLAHOMA
770,2036,37,5452.4710516475325,12.619810033690577,OR,OREGON
771,2036,38,0.0,0.0,PA,PENNSYLVANIA
772,2036,39,0.0,0.0,RI,RHODE ISLAND
773,2036,40,17855.59803523226,118.5209501598215,SC,SOUTH CAROLINA
774,2036,41,7141100.299896667,26441.20903080324,SD,SOUTH DAKOTA
775,2036,42,255046.6796439655,1493.8313387855335,TN,TENNESSEE
776,2036,43,1813996.614090059,9455.709178710398,TX,TEXAS
777,2036,44,0.0,0.0,UT,UTAH
778,2036,45,0.0,0.0,VT,VERMONT
779,2036,46,48.54545560530029,2.587636111761715,VA,VIRGINIA
780,2036,47,101302.63323558208,475.2144228274275,WA,WASHINGTON
781,2036,48,0.0,0.0,WV,WEST VIRGINIA
782,2036,49,1133201.8357056384,7182.660710424294,WI,WISCONSIN
783,2036,50,74304.11122587821,991.426027130185,WY,WYOMING
784,2037,0,0.0,0.0,AL,ALABAMA
785,2037,2,0.0,0.0,AZ,ARIZONA
786,2037,3,6042.47203246289,52.373253888348174,AR,ARKANSAS
787,2037,4,20350.33319862374,332.866658525069,CA,CALIFORNIA
788,2037,5,158121.57173745593,3015.226261749416,CO,COLORADO
789,2037,6,4933.858201471842,96.95264294331956,CT,CONNECTICUT
790,2037,7,234.2216918150736,30.38853404306863,DE,DELAWARE
791,2037,8,0.0,0.0,DC,DISTRICT OF COLUMBIA
792,2037,9,0.0,0.0,FL,FLORIDA
793,2037,10,0.0,0.0,GA,GEORGIA
794,2037,12,8147.83941958125,364.01054061329006,ID,IDAHO
795,2037,13,4975758.383579246,28703.284184965327,IL,ILLINOIS
796,2037,14,122686.75876483638,1776.9013247075595,IN,INDIANA
797,2037,15,3379199.951720072,20914.37556343721,IA,IOWA
798,2037,16,1752504.883900004,9232.49163359996,KS,KANSAS
799,2037,17,0.0,0.0,KY,KENTUCKY
800,2037,18,106890.24136099561,852.5005070953156,LA,LOUISIANA
801,2037,19,36.37352140839853,0.4949480594134593,ME,MAINE
802,2037,20,25227.100694662164,428.5365548755941,MD,MARYLAND
803,2037,21,2977.059639292254,40.47000170101316,MA,MASSACHUSETTS
804,2037,22,168397.2581719645,902.1088140921256,MI,MICHIGAN
805,2037,23,1180903.9734919076,10509.811140239572,MN,MINNESOTA
806,2037,24,0.0,0.0,MS,MISSISSIPPI
807,2037,25,1736797.0314732497,13861.261828600129,MO,MISSOURI
808,2037,26,0.0,0.0,MT,MONTANA
809,2037,27,2807523.575820816,18779.4301155907,NE,NEBRASKA
810,2037,28,0.0,0.0,NV,NEVADA
811,2037,29,26.499514989490866,4.516498567810466,NH,NEW HAMPSHIRE
812,2037,30,11045.261401128697,118.27241013112612,NJ,NEW JERSEY
813,2037,31,0.0,0.0,NM,NEW MEXICO
814,2037,32,6099.344377025485,110.4609742150666,NY,NEW YORK
815,2037,33,677.3904606152418,35.238821589884004,NC,NORTH CAROLINA
816,2037,34,767263.9437911577,3730.154198951253,ND,NORTH DAKOTA
817,2037,35,34674.28963824013,763.2342579229921,OH,OHIO
818,2037,36,102972.0567469456,379.0536770881047,OK,OKLAHOMA
819,2037,37,5652.90217997689,12.619379395636152,OR,OREGON
820,2037,38,6933.202180021168,179.06062866570662,PA,PENNSYLVANIA
821,2037,39,684.050771009411,9.241195756265515,RI,RHODE ISLAND
822,2037,40,0.0,0.0,SC,SOUTH CAROLINA
823,2037,41,2061115.0454638184,12923.819691886356,SD,SOUTH DAKOTA
824,2037,42,129.06934445499442,4.834953341811662,TN,TENNESSEE
825,2037,43,196777.25231820275,1005.1165917629206,TX,TEXAS
826,2037,44,0.0,0.0,UT,UTAH
827,2037,45,245.47035169163829,5.667551356567927,VT,VERMONT
828,2037,46,772.8548663057853,55.99911339605783,VA,VIRGINIA
829,2037,47,85128.55922609381,476.5162085129555,WA,WASHINGTON
830,2037,48,0.0,0.0,WV,WEST VIRGINIA
831,2037,49,836169.0256470435,5727.4477602083,WI,WISCONSIN
832,2037,50,12069.478186868038,352.1761761415763,WY,WYOMING
833,2038,0,36071.07000126895,208.8421308760284,AL,ALABAMA
834,2038,2,0.0,0.0,AZ,ARIZONA
835,2038,3,289511.4691580605,1121.6432089359307,AR,ARKANSAS
836,2038,4,10742.65100985445,171.57183865357842,CA,CALIFORNIA
837,2038,5,307277.5688649911,3793.696225316908,CO,COLORADO
838,2038,6,5.79170109170849,1.52328736824803,CT,CONNECTICUT
839,2038,7,0.0,0.0,DE,DELAWARE
840,2038,8,0.0,0.0,DC,DISTRICT OF COLUMBIA
841,2038,9,1295.0083649200433,6.348513725783596,FL,FLORIDA
842,2038,10,10659.60328065923,61.08724328983641,GA,GEORGIA
843,2038,12,10712.846822903974,479.6803212659706,ID,IDAHO
844,2038,13,3432578.534319496,25038.252248647957,IL,ILLINOIS
845,2038,14,441829.37342957465,5247.352269880401,IN,INDIANA
846,2038,15,1063755.7313413064,8405.995146351566,IA,IOWA
847,2038,16,1660548.965908033,8491.28833687311,KS,KANSAS
848,2038,17,175256.9984929867,1605.6358889202063,KY,KENTUCKY
849,2038,18,473003.54625278973,2248.6429794429473,LA,LOUISIANA
850,2038,19,27.29226706568371,1.0300271015742828,ME,MAINE
851,2038,20,0.0,0.0,MD,MARYLAND
852,2038,21,1811.7553697894984,24.343976963848988,MA,MASSACHUSETTS
853,2038,22,133530.31975465675,1248.6748244959706,MI,MICHIGAN
854,2038,23,1429629.181515405,14545.424408174922,MN,MINNESOTA
855,2038,24,350324.9948443585,1751.2298604223977,MS,MISSISSIPPI
856,2038,25,1082596.7661429555,9344.239893499687,MO,MISSOURI
857,2038,26,0.0,0.0,MT,MONTANA
858,2038,27,1826151.048472114,13202.761866671786,NE,NEBRASKA
859,2038,28,0.0,0.0,NV,NEVADA
860,2038,29,0.0,0.0,NH,NEW HAMPSHIRE
861,2038,30,0.0,0.0,NJ,NEW JERSEY
862,2038,31,0.0,0.0,NM,NEW MEXICO
863,2038,32,31554.49804285312,552.5432768275898,NY,NEW YORK
864,2038,33,1138.124735634438,27.416706028543004,NC,NORTH CAROLINA
865,2038,34,1078235.6850436097,7866.155121109938,ND,NORTH DAKOTA
866,2038,35,22819.58070422625,457.88192587008473,OH,OHIO
867,2038,36,237203.7193749097,984.7801753119156,OK,OKLAHOMA
868,2038,37,5434.893886640369,12.619788065818032,OR,OREGON
869,2038,38,8662.364979397345,106.1491994350648,PA,PENNSYLVANIA
870,2038,39,0.0,0.0,RI,RHODE ISLAND
871,2038,40,3834.8064463033415,16.40220126988752,SC,SOUTH CAROLINA
872,2038,41,6277209.262299035,29967.274982351435,SD,SOUTH DAKOTA
873,2038,42,209251.06907991268,969.2702900840724,TN,TENNESSEE
874,2038,43,1527601.3229290757,7692.208955291271,TX,TEXAS
875,2038,44,0.0,0.0,UT,UTAH
876,2038,45,381.1653268167304,29.819435536614197,VT,VERMONT
877,2038,46,1036.418149178961,19.33951503875572,VA,VIRGINIA
878,2038,47,96905.46182956554,547.976424558019,WA,WASHINGTON
879,2038,48,787.6290493741578,13.346678596363573,WV,WEST VIRGINIA
880,2038,49,1247050.8363231437,12646.218244882371,WI,WISCONSIN
881,2038,50,53811.49608672674,1069.5485974898504,WY,WYOMING
882,2039,0,18971.95057797728,247.3876983039229,AL,ALABAMA
883,2039,2,0.0,0.0,AZ,ARIZONA
884,2039,3,5965.254195238544,75.41853025509303,AR,ARKANSAS
885,2039,4,21358.37957306893,344.97942106122616,CA,CALIFORNIA
886,2039,5,265391.83862666914,3552.164870870436,CO,COLORADO
887,2039,6,5890.693773957119,95.95675916207492,CT,CONNECTICUT
888,2039,7,19992.55458989368,261.07363830147494,DE,DELAWARE
889,2039,8,0.0,0.0,DC,DISTRICT OF COLUMBIA
890,2039,9,1231.2807100295645,17.196580632917048,FL,FLORIDA
891,2039,10,27320.64094341274,304.4848604135891,GA,GEORGIA
892,2039,12,17268.832343540016,772.9418071417185,ID,IDAHO
893,2039,13,2338918.180962587,21385.79147969757,IL,ILLINOIS
894,2039,14,677599.8492195419,8540.357217987059,IN,INDIANA
895,2039,15,421696.7513998188,5630.139002001172,IA,IOWA
896,2039,16,1018516.1548840756,4615.853449270696,KS,KANSAS
897,2039,17,293625.5437635747,5163.862091512903,KY,KENTUCKY
898,2039,18,134287.6902595982,1725.4196790680492,LA,LOUISIANA
899,2039,19,39.60358286329311,12.735812404576183,ME,MAINE
900,2039,20,221685.2435906675,1584.8581245950118,MD,MARYLAND
901,2039,21,16064.017425468754,171.45941798749007,MA,MASSACHUSETTS
902,2039,22,269736.6090096838,2366.1093164774898,MI,MICHIGAN
903,2039,23,1570312.782717111,11864.898246272049,MN,MINNESOTA
904,2039,24,151755.9015790482,1436.6252937104364,MS,MISSISSIPPI
905,2039,25,346782.98550970387,2461.66445004477,MO,MISSOURI
906,2039,26,0.0,0.0,MT,MONTANA
907,2039,27,677001.7863234715,4115.654852073172,NE,NEBRASKA
908,2039,28,0.0,0.0,NV,NEVADA
909,2039,29,105.3486973324304,7.546896625338903,NH,NEW HAMPSHIRE
910,2039,30,19621.70436839468,371.15931270716806,NJ,NEW JERSEY
911,2039,31,0.0,0.0,NM,NEW MEXICO
912,2039,32,60982.81477402997,1267.9859639535025,NY,NEW YORK
913,2039,33,75981.09089860818,1516.0764131973126,NC,NORTH CAROLINA
914,2039,34,948057.1193866436,6076.155675588331,ND,NORTH DAKOTA
915,2039,35,260821.47794298545,3722.485083980955,OH,OHIO
916,2039,36,86478.26079677562,377.31950113316645,OK,OKLAHOMA
917,2039,37,5625.039505914817,12.619378688441373,OR,OREGON
918,2039,38,518823.732125622,4752.134902331089,PA,PENNSYLVANIA
919,2039,39,2848.069811174414,30.12008505589834,RI,RHODE ISLAND
920,2039,40,0.0,0.0,SC,SOUTH CAROLINA
921,2039,41,4019414.59822411,21976.679465904137,SD,SOUTH DAKOTA
922,2039,42,53590.811617160354,1027.5040354314085,TN,TENNESSEE
923,2039,43,149579.0623192811,790.6250230115271,TX,TEXAS
924,2039,44,0.0,0.0,UT,UTAH
925,2039,45,1698.1801177964462,32.66146678097313,VT,VERMONT
926,2039,46,54788.61640631115,520.5943736330237,VA,VIRGINIA
927,2039,47,142090.4738853535,721.5276868696051,WA,WASHINGTON
928,2039,48,19602.457956440077,257.1277069692904,WV,WEST VIRGINIA
929,2039,49,125316.91293511313,1263.2190071139032,WI,WISCONSIN
930,2039,50,72695.78199937126,1027.8822900073003,WY,WYOMING
931,2040,0,210339.601962656,1250.552694896574,AL,ALABAMA
932,2040,2,0.0,0.0,AZ,ARIZONA
933,2040,3,40514.0978584082,515.6078035450116,AR,ARKANSAS
934,2040,4,12645.245919150922,202.83032180280736,CA,CALIFORNIA
935,2040,5,438776.26109028416,4543.428766167695,CO,COLORADO
936,2040,6,146.48897270640927,3.0007811916105025,CT,CONNECTICUT
937,2040,7,0.0,0.0,DE,DELAWARE
938,2040,8,0.0,0.0,DC,DISTRICT OF COLUMBIA
939,2040,9,13287.036292575205,69.07221330937736,FL,FLORIDA
940,2040,10,211616.95296255415,1076.170382695781,GA,GEORGIA
941,2040,12,28615.86710054654,1339.2708754169246,ID,IDAHO
942,2040,13,11036153.839130728,45250.72208945731,IL,ILLINOIS
943,2040,14,1384101.255074321,10396.939851524869,IN,INDIANA
944,2040,15,18512776.88684812,54569.1083679798,IA,IOWA
945,2040,16,2527687.593266601,9751.214327467722,KS,KANSAS
946,2040,17,821466.6886337958,6013.339002081874,KY,KENTUCKY
947,2040,18,754120.4873309456,3551.0967537824263,LA,LOUISIANA
948,2040,19,284.28247152467947,8.786496194438255,ME,MAINE
949,2040,20,1463.4516810177129,53.487251332995896,MD,MARYLAND
950,2040,21,0.0,0.0,MA,MASSACHUSETTS
951,2040,22,155442.40942963923,2003.4991372106224,MI,MICHIGAN
952,2040,23,7179234.421672811,31333.4422957776,MN,MINNESOTA
953,2040,24,681966.8192478737,3578.258305905626,MS,MISSISSIPPI
954,2040,25,3300817.1715305853,17456.58983933644,MO,MISSOURI
955,2040,26,0.0,0.0,MT,MONTANA
956,2040,27,6926118.906659281,25451.601732712003,NE,NEBRASKA
957,2040,28,0.0,0.0,NV,NEVADA
958,2040,29,9.394723220895752,3.379477461174404,NH,NEW HAMPSHIRE
959,2040,30,3682.040063416849,103.3972639995502,NJ,NEW JERSEY
960,2040,31,0.0,0.0,NM,NEW MEXICO
961,2040,32,51576.86237166703,933.4258067579082,NY,NEW YORK
962,2040,33,32247.581484844508,512.4152750848295,NC,NORTH CAROLINA
963,2040,34,2769033.8624656955,11208.25361259723,ND,NORTH DAKOTA
964,2040,35,90532.80588820658,1700.7975210602988,OH,OHIO
965,2040,36,99072.57800282362,540.1206568579437,OK,OKLAHOMA
966,2040,37,5812.500402344587,27.299055761836804,OR,OREGON
967,2040,38,108157.5021030127,1774.8506192892496,PA,PENNSYLVANIA
968,2040,39,0.0,0.0,RI,RHODE ISLAND
969,2040,40,285557.5797266066,1292.7247278264983,SC,SOUTH CAROLINA
970,2040,41,12455154.89951752,35479.49508555268,SD,SOUTH DAKOTA
971,2040,42,291469.75034777017,2300.752438041917,TN,TENNESSEE
972,2040,43,278598.6987816868,2874.576710236377,TX,TEXAS
973,2040,44,31.42598979312584,1.2191353501966216,UT,UTAH
974,2040,45,31.704987527258023,0.4121215467595701,VT,VERMONT
975,2040,46,1539.2333183650878,33.76559117351274,VA,VIRGINIA
976,2040,47,132393.17518450707,725.2753818397593,WA,WASHINGTON
977,2040,48,5794.571921819328,197.60289833618776,WV,WEST VIRGINIA
978,2040,49,1903657.356015656,13203.51112779357,WI,WISCONSIN
979,2040,50,82156.53816262123,1127.7895849763963,WY,WYOMING
980,2041,0,21494.909081604183,296.4442920331224,AL,ALABAMA
981,2041,2,0.0,0.0,AZ,ARIZONA
982,2041,3,123954.9441153998,710.7960885018182,AR,ARKANSAS
983,2041,4,9778.461954955055,156.17268915063033,CA,CALIFORNIA
984,2041,5,418521.2214390778,4496.482131459581,CO,COLORADO
985,2041,6,8771.251409505532,151.32509645756878,CT,CONNECTICUT
986,2041,7,545.7538454241078,31.268363578160574,DE,DELAWARE
987,2041,8,0.0,0.0,DC,DISTRICT OF COLUMBIA
988,2041,9,1369.7650113097686,18.011369108435463,FL,FLORIDA
989,2041,10,1552.250295474943,38.78613726345894,GA,GEORGIA
990,2041,12,33563.47649429344,1537.4702881249384,ID,IDAHO
991,2041,13,19338659.881143905,48009.66000749467,IL,ILLINOIS
992,2041,14,4850616.904828316,24147.95451644385,IN,INDIANA
993,2041,15,17346800.051987432,47498.137049868266,IA,IOWA
994,2041,16,1394241.718911061,6391.8997584893805,KS,KANSAS
995,2041,17,1233483.432909839,7799.956992102504,KY,KENTUCKY
996,2041,18,2249.790114144439,100.1166363529224,LA,LOUISIANA
997,2041,19,138.66664457735817,10.3155742220501,ME,MAINE
998,2041,20,7134.171238558849,243.49832113610083,MD,MARYLAND
999,2041,21,6620.698709476224,115.28847200516266,MA,MASSACHUSETTS
1000,2041,22,1133218.0246211565,5066.902663297407,MI,MICHIGAN
1001,2041,23,7197488.586364867,26710.154717592217,MN,MINNESOTA
1002,2041,24,64620.41976220127,801.0459391933706,MS,MISSISSIPPI
1003,2041,25,2047344.0774651424,12370.109182941236,MO,MISSOURI
1004,2041,26,0.0,0.0,MT,MONTANA
1005,2041,27,2670775.7118079634,13095.9207267505,NE,NEBRASKA
1006,2041,28,0.0,0.0,NV,NEVADA
1007,2041,29,39.53246448105963,4.759396164136527,NH,NEW HAMPSHIRE
1008,2041,30,1777.4320189276705,51.947694406761855,NJ,NEW JERSEY
1009,2041,31,0.0,0.0,NM,NEW MEXICO
1010,2041,32,435341.6403121372,3942.561660124845,NY,NEW YORK
1011,2041,33,146992.87197830572,1427.1939412619186,NC,NORTH CAROLINA
1012,2041,34,771560.5838844104,5566.499533812507,ND,NORTH DAKOTA
1013,2041,35,1430413.781933331,14180.556795531613,OH,OHIO
1014,2041,36,188276.25543447476,886.1197620014302,OK,OKLAHOMA
1015,2041,37,5857.870519517644,12.44365043880412,OR,OREGON
1016,2041,38,471278.5333296517,5098.442168722108,PA,PENNSYLVANIA
1017,2041,39,1622.345125595534,34.5462559395459,RI,RHODE ISLAND
1018,2041,40,30506.318589419803,368.84036488435225,SC,SOUTH CAROLINA
1019,2041,41,7007047.730924437,29971.53790144785,SD,SOUTH DAKOTA
1020,2041,42,463049.4638200852,2965.208293686399,TN,TENNESSEE
1021,2041,43,496717.9449429106,2722.4648382214414,TX,TEXAS
1022,2041,44,0.0,0.0,UT,UTAH
1023,2041,45,1829.713818675804,55.83301932689808,VT,VERMONT
1024,2041,46,10786.115767577228,253.7689315044881,VA,VIRGINIA
1025,2041,47,206347.41231499417,822.559469946709,WA,WASHINGTON
1026,2041,48,29164.10013985057,512.2541031472451,WV,WEST VIRGINIA
1027,2041,49,4795403.254190077,16107.926265967846,WI,WISCONSIN
1028,2041,50,85202.80984079701,1155.5712054396934,WY,WYOMING
1029,2042,0,77660.67823633453,857.0155882958902,AL,ALABAMA
1030,2042,2,0.0,0.0,AZ,ARIZONA
1031,2042,3,111335.10217725232,621.0241809866785,AR,ARKANSAS
1032,2042,4,13465.387720641464,221.88704413309696,CA,CALIFORNIA
1033,2042,5,487522.3817268597,4743.621056303113,CO,COLORADO
1034,2042,6,5712.015920159669,62.787637592891386,CT,CONNECTICUT
1035,2042,7,28455.45126155342,348.74462717471795,DE,DELAWARE
1036,2042,8,0.0,0.0,DC,DISTRICT OF COLUMBIA
1037,2042,9,224.7128424216426,3.1680846601120307,FL,FLORIDA
1038,2042,10,12004.30191678613,159.300412261246,GA,GEORGIA
1039,2042,12,23802.285812797243,1144.2193540478893,ID,IDAHO
1040,2042,13,13587160.474721728,46269.70902273904,IL,ILLINOIS
1041,2042,14,3222748.4743013848,22059.051810143013,IN,INDIANA
1042,2042,15,18679453.92313652,56439.36667622322,IA,IOWA
1043,2042,16,2830541.0476224287,9441.899017974343,KS,KANSAS
1044,2042,17,624432.6128019294,5348.438429328529,KY,KENTUCKY
1045,2042,18,397927.9180869345,2833.5851081336596,LA,LOUISIANA
1046,2042,19,3008.2315568651825,52.21126339967575,ME,MAINE
1047,2042,20,158566.28048062054,1474.2631573004217,MD,MARYLAND
1048,2042,21,501.7891090322274,19.861712464302062,MA,MASSACHUSETTS
1049,2042,22,453166.01762002177,3900.742360944157,MI,MICHIGAN
1050,2042,23,7649014.916234552,26060.292159071934,MN,MINNESOTA
1051,2042,24,243076.82682607463,1785.3909227144466,MS,MISSISSIPPI
1052,2042,25,4731951.00670106,15017.127338429033,MO,MISSOURI
1053,2042,26,0.0,0.0,MT,MONTANA
1054,2042,27,6495654.958760324,24230.830263922344,NE,NEBRASKA
1055,2042,28,0.0,0.0,NV,NEVADA
1056,2042,29,10.08819639144536,3.397942465426889,NH,NEW HAMPSHIRE
1057,2042,30,2825.9286580979374,98.59196245809878,NJ,NEW JERSEY
1058,2042,31,0.0,0.0,NM,NEW MEXICO
1059,2042,32,7132.668723518798,134.69849844024048,NY,NEW YORK
1060,2042,33,552227.1990008275,4220.055286333543,NC,NORTH CAROLINA
1061,2042,34,3812820.847484367,10726.83589549881,ND,NORTH DAKOTA
1062,2042,35,743275.5605336679,11977.083376956052,OH,OHIO
1063,2042,36,149995.97793401158,608.9030048188772,OK,OKLAHOMA
1064,2042,37,5567.422652640031,12.444074294977096,OR,OREGON
1065,2042,38,180358.03068218345,2454.3794793758625,PA,PENNSYLVANIA
1066,2042,39,0.0,0.0,RI,RHODE ISLAND
1067,2042,40,15773.556969761195,334.9466620091317,SC,SOUTH CAROLINA
1068,2042,41,13014996.141795006,34562.04175823042,SD,SOUTH DAKOTA
1069,2042,42,264943.7503224723,2344.5545865097133,TN,TENNESSEE
1070,2042,43,1232835.158526477,8362.93303951913,TX,TEXAS
1071,2042,44,0.0,0.0,UT,UTAH
1072,2042,45,852.5123398001024,17.403625377416056,VT,VERMONT
1073,2042,46,133260.86718450175,916.3465279708084,VA,VIRGINIA
1074,2042,47,176626.6970196073,815.0428044088376,WA,WASHINGTON
1075,2042,48,42942.23917746635,497.2482277785616,WV,WEST VIRGINIA
1076,2042,49,1489049.449474352,9354.196499716254,WI,WISCONSIN
1077,2042,50,88281.87367931262,1177.9287289154338,WY,WYOMING
1078,2043,0,0.0,0.0,AL,ALABAMA
1079,2043,2,0.0,0.0,AZ,ARIZONA
1080,2043,3,55099.19738791841,424.6886266825607,AR,ARKANSAS
1081,2043,4,11261.164945760316,183.7093117179787,CA,CALIFORNIA
1082,2043,5,393298.179031359,4344.993487151215,CO,COLORADO
1083,2043,6,0.0,0.0,CT,CONNECTICUT
1084,2043,7,0.0,0.0,DE,DELAWARE
1085,2043,8,0.0,0.0,DC,DISTRICT OF COLUMBIA
1086,2043,9,0.0,0.0,FL,FLORIDA
1087,2043,10,0.0,0.0,GA,GEORGIA
1088,2043,12,33998.71674047024,1641.8975006239043,ID,IDAHO
1089,2043,13,16300173.155813552,47259.81028915247,IL,ILLINOIS
1090,2043,14,3380085.927374742,21055.16977140126,IN,INDIANA
1091,2043,15,15418090.835919024,54609.43759415356,IA,IOWA
1092,2043,16,2066479.9611720864,8669.830644651907,KS,KANSAS
1093,2043,17,42745.62710874077,677.0398337652036,KY,KENTUCKY
1094,2043,18,150127.80548431905,1615.1365527005776,LA,LOUISIANA
1095,2043,19,0.0,0.0,ME,MAINE
1096,2043,20,0.0,0.0,MD,MARYLAND
1097,2043,21,0.0,0.0,MA,MASSACHUSETTS
1098,2043,22,391162.8094758659,2982.4827445057126,MI,MICHIGAN
1099,2043,23,4934582.162983577,27024.22922237677,MN,MINNESOTA
1100,2043,24,2013.267138384889,60.82714104202091,MS,MISSISSIPPI
1101,2043,25,3954450.4587294064,16011.868852191252,MO,MISSOURI
1102,2043,26,0.0,0.0,MT,MONTANA
1103,2043,27,4597369.019113919,22875.937066950944,NE,NEBRASKA
1104,2043,28,0.0,0.0,NV,NEVADA
1105,2043,29,0.0,0.0,NH,NEW HAMPSHIRE
1106,2043,30,0.0,0.0,NJ,NEW JERSEY
1107,2043,31,0.0,0.0,NM,NEW MEXICO
1108,2043,32,4408.94413327612,54.48547828806869,NY,NEW YORK
1109,2043,33,0.0,0.0,NC,NORTH CAROLINA
1110,2043,34,1719702.9438719405,8727.531674256388,ND,NORTH DAKOTA
1111,2043,35,308796.49447407457,8044.94012320176,OH,OHIO
1112,2043,36,146968.85480147402,704.6935502629902,OK,OKLAHOMA
1113,2043,37,5664.550881598841,12.444070223819342,OR,OREGON
1114,2043,38,0.0,0.0,PA,PENNSYLVANIA
1115,2043,39,0.0,0.0,RI,RHODE ISLAND
1116,2043,40,0.0,0.0,SC,SOUTH CAROLINA
1117,2043,41,10264104.891618622,33334.5762704784,SD,SOUTH DAKOTA
1118,2043,42,36642.95732389268,519.3261485862456,TN,TENNESSEE
1119,2043,43,935123.0497933272,6242.734765251421,TX,TEXAS
1120,2043,44,0.0,0.0,UT,UTAH
1121,2043,45,0.0,0.0,VT,VERMONT
1122,2043,46,0.0,0.0,VA,VIRGINIA
1123,2043,47,168954.60495822673,784.9321385433452,WA,WASHINGTON
1124,2043,48,2529.64616523461,24.94213187240289,WV,WEST VIRGINIA
1125,2043,49,2373160.325763873,14944.736518809554,WI,WISCONSIN
1126,2043,50,75299.36892218854,1025.6072609704977,WY,WYOMING
1127,2044,0,69.72638723166243,4.243521685768632,AL,ALABAMA
1128,2044,2,0.0,0.0,AZ,ARIZONA
1129,2044,3,16093.930526651411,177.90692410568352,AR,ARKANSAS
1130,2044,4,20239.334623324212,325.9435000351613,CA,CALIFORNIA
1131,2044,5,454325.5604280083,4529.198480485287,CO,COLORADO
1132,2044,6,645.618307709966,5.423359808829571,CT,CONNECTICUT
1133,2044,7,14574.85249131874,373.4523384722849,DE,DELAWARE
1134,2044,8,0.0,0.0,DC,DISTRICT OF COLUMBIA
1135,2044,9,6889.8833650313345,26.022445358662516,FL,FLORIDA
1136,2044,10,16493.113102258314,161.76989903272516,GA,GEORGIA
1137,2044,12,28001.71299557385,1250.928473972906,ID,IDAHO
1138,2044,13,8335033.720876724,40977.85668223327,IL,ILLINOIS
1139,2044,14,1348321.8102053185,10736.85281571243,IN,INDIANA
1140,2044,15,10557699.61136268,46591.60221262767,IA,IOWA
1141,2044,16,1437243.7347952474,5850.542673123844,KS,KANSAS
1142,2044,17,354232.6766431506,3055.7532442310985,KY,KENTUCKY
1143,2044,18,700.6342275991191,14.080875537043442,LA,LOUISIANA
1144,2044,19,0.0,0.0,ME,MAINE
1145,2044,20,4390.8122406755365,141.68918910730775,MD,MARYLAND
1146,2044,21,0.0,0.0,MA,MASSACHUSETTS
1147,2044,22,108152.35749366527,1659.7767251163432,MI,MICHIGAN
1148,2044,23,6326949.212364855,26514.58739737329,MN,MINNESOTA
1149,2044,24,11617.987974620391,330.0763589846862,MS,MISSISSIPPI
1150,2044,25,1124371.96642575,7765.762570112958,MO,MISSOURI
1151,2044,26,0.0,0.0,MT,MONTANA
1152,2044,27,4914108.816584592,22070.150715363317,NE,NEBRASKA
1153,2044,28,0.0,0.0,NV,NEVADA
1154,2044,29,10.69609543526773,0.4285639726896062,NH,NEW HAMPSHIRE
1155,2044,30,9411.260521441722,172.1192204725192,NJ,NEW JERSEY
1156,2044,31,0.0,0.0,NM,NEW MEXICO
1157,2044,32,2734.705229273687,29.73932964081962,NY,NEW YORK
1158,2044,33,24460.60089735377,416.90617169261486,NC,NORTH CAROLINA
1159,2044,34,1093980.127024087,6209.9176285949325,ND,NORTH DAKOTA
1160,2044,35,52905.09783892114,2040.694303476916,OH,OHIO
1161,2044,36,104589.9996274415,427.1379503922762,OK,OKLAHOMA
1162,2044,37,5381.994953478041,12.44421823776268,OR,OREGON
1163,2044,38,8093.352242623543,120.9812471730046,PA,PENNSYLVANIA
1164,2044,39,0.0,0.0,RI,RHODE ISLAND
1165,2044,40,32492.206780580826,260.1870511433763,SC,SOUTH CAROLINA
1166,2044,41,9811754.741896931,32386.030826891907,SD,SOUTH DAKOTA
1167,2044,42,152483.41485558415,1223.1066448680078,TN,TENNESSEE
1168,2044,43,233959.63572890608,1370.4635131063335,TX,TEXAS
1169,2044,44,0.0,0.0,UT,UTAH
1170,2044,45,170.53153061973077,10.160208779023897,VT,VERMONT
1171,2044,46,1505.5905481266968,74.97803434309756,VA,VIRGINIA
1172,2044,47,166819.33992936765,798.3635106089177,WA,WASHINGTON
1173,2044,48,528.5238786465796,10.459235443332554,WV,WEST VIRGINIA
1174,2044,49,61535.37282163305,776.0528188007052,WI,WISCONSIN
1175,2044,50,76307.63684820988,1125.9205963582026,WY,WYOMING
1176,2045,0,20.48357650720794,12.363802700001402,AL,ALABAMA
1177,2045,2,0.0,0.0,AZ,ARIZONA
1178,2045,3,367182.6989738404,1408.0789871888985,AR,ARKANSAS
1179,2045,4,12161.829963937034,194.2376724693705,CA,CALIFORNIA
1180,2045,5,322073.3404495929,3455.3393685862698,CO,COLORADO
1181,2045,6,0.0,0.0,CT,CONNECTICUT
1182,2045,7,0.0,0.0,DE,DELAWARE
1183,2045,8,0.0,0.0,DC,DISTRICT OF COLUMBIA
1184,2045,9,0.0,0.0,FL,FLORIDA
1185,2045,10,0.0,0.0,GA,GEORGIA
1186,2045,12,20594.48174834389,928.9857948839044,ID,IDAHO
1187,2045,13,13431211.03844991,39781.77766649007,IL,ILLINOIS
1188,2045,14,1294384.2210996526,16317.39800405997,IN,INDIANA
1189,2045,15,20357986.608685404,54431.2084022262,IA,IOWA
1190,2045,16,1713203.553666243,7183.927723440571,KS,KANSAS
1191,2045,17,119033.16004981184,2345.616475116909,KY,KENTUCKY
1192,2045,18,643568.5310356984,3173.881041743537,LA,LOUISIANA
1193,2045,19,89.9865642493465,1.5383522289172653,ME,MAINE
1194,2045,20,103.68105303158792,12.701150437546346,MD,MARYLAND
1195,2045,21,1187.4444008317332,31.237877394719597,MA,MASSACHUSETTS
1196,2045,22,1108336.7049665097,5754.357371640909,MI,MICHIGAN
1197,2045,23,5402437.620447194,28777.092349617484,MN,MINNESOTA
1198,2045,24,199047.65236812603,1556.344362527566,MS,MISSISSIPPI
1199,2045,25,4577611.50199033,15438.065398228497,MO,MISSOURI
1200,2045,26,0.0,0.0,MT,MONTANA
1201,2045,27,2418977.2569159,16954.192537645467,NE,NEBRASKA
1202,2045,28,0.0,0.0,NV,NEVADA
1203,2045,29,0.0,0.0,NH,NEW HAMPSHIRE
1204,2045,30,688.3544898738122,36.8910436081548,NJ,NEW JERSEY
1205,2045,31,49.13398017052442,0.7057712053702083,NM,NEW MEXICO
1206,2045,32,11937.804192892352,369.897237640369,NY,NEW YORK
1207,2045,33,2265.564618809158,109.66793480358272,NC,NORTH CAROLINA
1208,2045,34,1141629.2920234702,7468.858040864633,ND,NORTH DAKOTA
1209,2045,35,611238.3051416248,5796.5580742241855,OH,OHIO
1210,2045,36,248502.31490536933,1001.8073821556236,OK,OKLAHOMA
1211,2045,37,5673.450114290623,12.44392006902802,OR,OREGON
1212,2045,38,76660.75248482102,1456.3101338595886,PA,PENNSYLVANIA
1213,2045,39,895.9835044246524,13.871348857247732,RI,RHODE ISLAND
1214,2045,40,0.0,0.0,SC,SOUTH CAROLINA
1215,2045,41,3560480.989997074,24039.619668291256,SD,SOUTH DAKOTA
1216,2045,42,102677.73566105304,772.0030178721813,TN,TENNESSEE
1217,2045,43,1777019.264176366,9678.871242204841,TX,TEXAS
1218,2045,44,0.0,0.0,UT,UTAH
1219,2045,45,0.0,0.0,VT,VERMONT
1220,2045,46,808.0314974030578,25.615523157503983,VA,VIRGINIA
1221,2045,47,174855.07561785684,813.3207373649593,WA,WASHINGTON
1222,2045,48,7171.0901059715125,131.02821728722537,WV,WEST VIRGINIA
1223,2045,49,3029968.090834271,15539.691499683771,WI,WISCONSIN
1224,2045,50,63275.00009657919,940.7301208820546,WY,WYOMING
1225,2046,0,286928.1933997493,2157.602686782985,AL,ALABAMA
1226,2046,2,0.0,0.0,AZ,ARIZONA
1227,2046,3,267965.209380337,1290.1535277443556,AR,ARKANSAS
1228,2046,4,18523.197486381683,296.9239108416408,CA,CALIFORNIA
1229,2046,5,466490.8252021461,4725.217321885862,CO,COLORADO
1230,2046,6,334.40943416916247,5.7200844695161255,CT,CONNECTICUT
1231,2046,7,23.00779123433689,3.413424096567597,DE,DELAWARE
1232,2046,8,0.0,0.0,DC,DISTRICT OF COLUMBIA
1233,2046,9,7327.967933141789,44.77903061780546,FL,FLORIDA
1234,2046,10,24506.51825543792,304.9712800502787,GA,GEORGIA
1235,2046,12,17927.51309899834,801.8447998450877,ID,IDAHO
1236,2046,13,13680122.041828008,45349.53003681149,IL,ILLINOIS
1237,2046,14,728409.6084192964,5933.851098024761,IN,INDIANA
1238,2046,15,22077850.080747742,53818.61695570428,IA,IOWA
1239,2046,16,2499045.2925751805,8418.329574453768,KS,KANSAS
1240,2046,17,1133358.5989712602,8020.92359490383,KY,KENTUCKY
1241,2046,18,789140.4089260557,3657.272699803768,LA,LOUISIANA
1242,2046,19,0.0,0.0,ME,MAINE
1243,2046,20,842.7508833323272,6.378676070332261,MD,MARYLAND
1244,2046,21,0.0,0.0,MA,MASSACHUSETTS
1245,2046,22,53155.31223790532,771.7689042952765,MI,MICHIGAN
1246,2046,23,8524242.641415045,29737.44648660666,MN,MINNESOTA
1247,2046,24,681834.8388167543,3934.9922084596046,MS,MISSISSIPPI
1248,2046,25,5329172.16292292,16282.592424403974,MO,MISSOURI
1249,2046,26,0.0,0.0,MT,MONTANA
1250,2046,27,6273818.562759103,22978.481559363296,NE,NEBRASKA
1251,2046,28,0.0,0.0,NV,NEVADA
1252,2046,29,0.0,0.0,NH,NEW HAMPSHIRE
1253,2046,30,0.0,0.0,NJ,NEW JERSEY
1254,2046,31,116.40623109743782,1.5287623159616277,NM,NEW MEXICO
1255,2046,32,5497.590104145865,105.65258569416352,NY,NEW YORK
1256,2046,33,14996.283196065058,725.3859596496357,NC,NORTH CAROLINA
1257,2046,34,2280358.1185865146,8689.089167674658,ND,NORTH DAKOTA
1258,2046,35,184074.0926288848,2860.7946356135903,OH,OHIO
1259,2046,36,178965.6665905621,903.8980000523496,OK,OKLAHOMA
1260,2046,37,5195.642710118038,11.527592914965958,OR,OREGON
1261,2046,38,24152.16530862577,450.9872154467797,PA,PENNSYLVANIA
1262,2046,39,333.11285162595914,3.8160749160342458,RI,RHODE ISLAND
1263,2046,40,15921.178666181582,187.7600965182797,SC,SOUTH CAROLINA
1264,2046,41,11046091.500814311,32164.57792104452,SD,SOUTH DAKOTA
1265,2046,42,630063.6263638915,4361.1309456052495,TN,TENNESSEE
1266,2046,43,2472503.833426507,13863.697417636924,TX,TEXAS
1267,2046,44,0.0,0.0,UT,UTAH
1268,2046,45,0.0,0.0,VT,VERMONT
1269,2046,46,456.4869196702239,24.27683710092933,VA,VIRGINIA
1270,2046,47,151949.02141310633,748.9040720708786,WA,WASHINGTON
1271,2046,48,3210.951818171947,90.2843150856166,WV,WEST VIRGINIA
1272,2046,49,1513628.7009068427,11607.560945674444,WI,WISCONSIN
1273,2046,50,85802.6769998491,1185.18997192699,WY,WYOMING
1274,2047,0,277074.5144789667,1608.6866079700962,AL,ALABAMA
1275,2047,2,0.0,0.0,AZ,ARIZONA
1276,2047,3,37263.42483844739,345.86674816266395,AR,ARKANSAS
1277,2047,4,23291.736936774498,383.74380940875545,CA,CALIFORNIA
1278,2047,5,335173.66463075404,3790.3026263379033,CO,COLORADO
1279,2047,6,0.0,0.0,CT,CONNECTICUT
1280,2047,7,375.5260087277055,18.888927497137075,DE,DELAWARE
1281,2047,8,0.0,0.0,DC,DISTRICT OF COLUMBIA
1282,2047,9,10155.088626106552,39.64019618129458,FL,FLORIDA
1283,2047,10,267435.10107236274,1285.6038379504562,GA,GEORGIA
1284,2047,12,27057.088277372764,1256.7987677985918,ID,IDAHO
1285,2047,13,9502408.535762664,42142.84023993264,IL,ILLINOIS
1286,2047,14,693798.0770419306,6733.4700117901975,IN,INDIANA
1287,2047,15,10388902.933133716,44418.85546105047,IA,IOWA
1288,2047,16,1161599.005332029,5043.552735758619,KS,KANSAS
1289,2047,17,876937.8429136816,6763.449802256922,KY,KENTUCKY
1290,2047,18,138396.1704812782,1815.183382315233,LA,LOUISIANA
1291,2047,19,0.0,0.0,ME,MAINE
1292,2047,20,12760.348331111683,377.5166759169855,MD,MARYLAND
1293,2047,21,700.6530807151375,17.101079020509587,MA,MASSACHUSETTS
1294,2047,22,146584.14702983326,1447.1157548426436,MI,MICHIGAN
1295,2047,23,8656266.752941964,30471.744333680705,MN,MINNESOTA
1296,2047,24,620563.4504256139,3822.124458006093,MS,MISSISSIPPI
1297,2047,25,3152619.426091742,12407.74019918793,MO,MISSOURI
1298,2047,26,0.0,0.0,MT,MONTANA
1299,2047,27,1864248.387658981,15832.395522353305,NE,NEBRASKA
1300,2047,28,0.0,0.0,NV,NEVADA
1301,2047,29,0.0,0.0,NH,NEW HAMPSHIRE
1302,2047,30,79.40663949676858,1.5609762591645853,NJ,NEW JERSEY
1303,2047,31,20.46967693107366,0.3056951594936125,NM,NEW MEXICO
1304,2047,32,7752.059661390655,177.46298440565585,NY,NEW YORK
1305,2047,33,50458.76450629723,811.4186305126996,NC,NORTH CAROLINA
1306,2047,34,275474.3154017418,3018.14706902121,ND,NORTH DAKOTA
1307,2047,35,82792.69548431148,2034.5978117695531,OH,OHIO
1308,2047,36,88929.15265838093,332.0671734531774,OK,OKLAHOMA
1309,2047,37,5089.9174457626095,11.406362547067609,OR,OREGON
1310,2047,38,12557.363412291736,299.2006667335679,PA,PENNSYLVANIA
1311,2047,39,0.0,0.0,RI,RHODE ISLAND
1312,2047,40,133492.37312522178,980.2521314756358,SC,SOUTH CAROLINA
1313,2047,41,3576012.374566506,25902.048419724084,SD,SOUTH DAKOTA
1314,2047,42,897997.9442148701,4390.139116025632,TN,TENNESSEE
1315,2047,43,202850.36326290856,1061.394693585605,TX,TEXAS
1316,2047,44,0.0,0.0,UT,UTAH
1317,2047,45,0.0,0.0,VT,VERMONT
1318,2047,46,2255.912620232305,65.6273241755321,VA,VIRGINIA
1319,2047,47,168862.85157477763,750.6640277907768,WA,WASHINGTON
1320,2047,48,1488.7685945114615,30.32292542110683,WV,WEST VIRGINIA
1321,2047,49,2592877.865763863,16454.39010433894,WI,WISCONSIN
1322,2047,50,78111.64014532494,1119.1892472809018,WY,WYOMING
1323,2048,0,239616.4159832512,1600.1034970469157,AL,ALABAMA
1324,2048,2,0.0,0.0,AZ,ARIZONA
1325,2048,3,301729.1810636912,1200.6828073947986,AR,ARKANSAS
1326,2048,4,17296.88467853982,283.7439135836044,CA,CALIFORNIA
1327,2048,5,333800.4288073977,4292.208905095655,CO,COLORADO
1328,2048,6,60.3621773249841,1.5232873972995264,CT,CONNECTICUT
1329,2048,7,494.9507923946675,29.05844057217988,DE,DELAWARE
1330,2048,8,0.0,0.0,DC,DISTRICT OF COLUMBIA
1331,2048,9,2542.3250404457553,12.73741460377442,FL,FLORIDA
1332,2048,10,142749.94051808672,813.0942713457839,GA,GEORGIA
1333,2048,12,21886.04041427099,987.9637376232736,ID,IDAHO
1334,2048,13,6221765.842280573,32599.306219120823,IL,ILLINOIS
1335,2048,14,475543.4569118288,4899.38760029745,IN,INDIANA
1336,2048,15,2847650.915177239,18416.26998992756,IA,IOWA
1337,2048,16,1134706.6357221385,4601.418810377058,KS,KANSAS
1338,2048,17,653977.414089632,5373.763696282969,KY,KENTUCKY
1339,2048,18,681496.6788433669,3524.003940344332,LA,LOUISIANA
1340,2048,19,27.762676926989176,1.5381985102030131,ME,MAINE
1341,2048,20,139.33831080441104,3.188126892246212,MD,MARYLAND
1342,2048,21,28.46650425517637,0.7573001085787487,MA,MASSACHUSETTS
1343,2048,22,9270.121228995911,112.726297565372,MI,MICHIGAN
1344,2048,23,465597.8849891527,6792.606302122579,MN,MINNESOTA
1345,2048,24,346931.40996943414,2227.02827134534,MS,MISSISSIPPI
1346,2048,25,1566753.081437957,9185.955006555369,MO,MISSOURI
1347,2048,26,0.0,0.0,MT,MONTANA
1348,2048,27,1882040.9918735093,15555.889744355416,NE,NEBRASKA
1349,2048,28,0.0,0.0,NV,NEVADA
1350,2048,29,0.0,0.0,NH,NEW HAMPSHIRE
1351,2048,30,142.69972194564244,14.872602899169008,NJ,NEW JERSEY
1352,2048,31,10.205232953494102,0.1297990451776655,NM,NEW MEXICO
1353,2048,32,336.1280201444664,22.50096075197664,NY,NEW YORK
1354,2048,33,153480.56210332696,1754.6318278822728,NC,NORTH CAROLINA
1355,2048,34,782697.5891715862,4990.34730071746,ND,NORTH DAKOTA
1356,2048,35,7191.813031573747,127.9001602522866,OH,OHIO
1357,2048,36,205011.8594214915,913.5326516255348,OK,OKLAHOMA
1358,2048,37,5042.140299664919,11.244969135678616,OR,OREGON
1359,2048,38,131.50852255763968,6.060481255569488,PA,PENNSYLVANIA
1360,2048,39,0.0,0.0,RI,RHODE ISLAND
1361,2048,40,63108.02701894179,522.767259151352,SC,SOUTH CAROLINA
1362,2048,41,4430943.691205189,24285.71767987912,SD,SOUTH DAKOTA
1363,2048,42,565661.7304599264,3072.7831311224795,TN,TENNESSEE
1364,2048,43,1893101.3480767612,9640.203252943309,TX,TEXAS
1365,2048,44,0.0,0.0,UT,UTAH
1366,2048,45,338.185813211839,11.564476109286096,VT,VERMONT
1367,2048,46,1536.9149500345138,27.04311755781721,VA,VIRGINIA
1368,2048,47,155501.75185207571,706.9704071903229,WA,WASHINGTON
1369,2048,48,0.0,0.0,WV,WEST VIRGINIA
1370,2048,49,32802.60543568867,259.0957749930504,WI,WISCONSIN
1371,2048,50,62284.015183087584,1104.6567673397374,WY,WYOMING
1372,2049,0,1176.245594016663,10.505350484953237,AL,ALABAMA
1373,2049,2,0.0,0.0,AZ,ARIZONA
1374,2049,3,107214.5533658341,487.9037466885756,AR,ARKANSAS
1375,2049,4,13924.948715666438,224.02341914647735,CA,CALIFORNIA
1376,2049,5,125337.01973365326,1801.8119422563063,CO,COLORADO
1377,2049,6,3.0123865295960326,1.5232874299824617,CT,CONNECTICUT
1378,2049,7,0.0,0.0,DE,DELAWARE
1379,2049,8,0.0,0.0,DC,DISTRICT OF COLUMBIA
1380,2049,9,0.0,0.0,FL,FLORIDA
1381,2049,10,1347.0915424103264,18.79725551201308,GA,GEORGIA
1382,2049,12,18349.335123831588,835.4255110883661,ID,IDAHO
1383,2049,13,1803973.0958961144,18014.64781476197,IL,ILLINOIS
1384,2049,14,214481.36381042324,3952.5448485255247,IN,INDIANA
1385,2049,15,1677154.7490971307,18994.71192218448,IA,IOWA
1386,2049,16,1634291.123777473,6076.082118583707,KS,KANSAS
1387,2049,17,89889.92351706013,830.4188498479322,KY,KENTUCKY
1388,2049,18,528633.31133898,2734.3649810894885,LA,LOUISIANA
1389,2049,19,84.20955828875765,1.0299682016492715,ME,MAINE
1390,2049,20,881.5987133219425,14.854544866697262,MD,MARYLAND
1391,2049,21,0.0,0.0,MA,MASSACHUSETTS
1392,2049,22,15147.85918879718,267.5344838186144,MI,MICHIGAN
1393,2049,23,822871.3264481737,8283.971055403295,MN,MINNESOTA
1394,2049,24,282660.60020520154,1134.5033679263,MS,MISSISSIPPI
1395,2049,25,1734024.497613452,9740.635260831468,MO,MISSOURI
1396,2049,26,0.0,0.0,MT,MONTANA
1397,2049,27,1803228.3872989265,14324.60627256479,NE,NEBRASKA
1398,2049,28,0.0,0.0,NV,NEVADA
1399,2049,29,0.0,0.0,NH,NEW HAMPSHIRE
1400,2049,30,61.2459666077395,4.320905305881075,NJ,NEW JERSEY
1401,2049,31,18.016948191952388,0.3886143298015712,NM,NEW MEXICO
1402,2049,32,0.0,0.0,NY,NEW YORK
1403,2049,33,8413.14506287804,94.32614310343853,NC,NORTH CAROLINA
1404,2049,34,10664.055127061194,115.30685366888564,ND,NORTH DAKOTA
1405,2049,35,12772.787144957174,402.95380876299646,OH,OHIO
1406,2049,36,110880.76939316398,417.7198207486808,OK,OKLAHOMA
1407,2049,37,4930.903886834571,11.11030290863417,OR,OREGON
1408,2049,38,5446.034863809171,89.37396732735785,PA,PENNSYLVANIA
1409,2049,39,0.0,0.0,RI,RHODE ISLAND
1410,2049,40,0.0,0.0,SC,SOUTH CAROLINA
1411,2049,41,1659166.676831249,15646.799485242434,SD,SOUTH DAKOTA
1412,2049,42,80928.65508158601,581.6276072374976,TN,TENNESSEE
1413,2049,43,1884289.467877016,9314.285222104649,TX,TEXAS
1414,2049,44,0.0,0.0,UT,UTAH
1415,2049,45,0.0,0.0,VT,VERMONT
1416,2049,46,0.0,0.0,VA,VIRGINIA
1417,2049,47,166153.53205806023,725.1629944647732,WA,WASHINGTON
1418,2049,48,0.0,0.0,WV,WEST VIRGINIA
1419,2049,49,22052.218158917625,233.95810243132047,WI,WISCONSIN
1420,2049,50,82312.03015658914,1342.2490698598986,WY,WYOMING
1421,2050,0,27221.00450919448,431.2353146814194,AL,ALABAMA
1422,2050,2,0.0,0.0,AZ,ARIZONA
1423,2050,3,218772.7154323148,928.1174351240734,AR,ARKANSAS
1424,2050,4,10244.462132698283,174.56883351176543,CA,CALIFORNIA
1425,2050,5,138456.1559466485,2039.756112559988,CO,COLORADO
1426,2050,6,948.1151782023182,17.22948392193719,CT,CONNECTICUT
1427,2050,7,19881.05669085062,221.1575039470828,DE,DELAWARE
1428,2050,8,0.0,0.0,DC,DISTRICT OF COLUMBIA
1429,2050,9,62.25804798489385,0.1853149351413945,FL,FLORIDA
1430,2050,10,17420.119218145024,170.3775179758277,GA,GEORGIA
1431,2050,12,19499.628793459546,871.1050156286195,ID,IDAHO
1432,2050,13,2329069.8987441678,16819.00378363038,IL,ILLINOIS
1433,2050,14,697708.471308717,8593.004067374924,IN,INDIANA
1434,2050,15,40003.25329719649,218.7670348902059,IA,IOWA
1435,2050,16,459020.8963252626,2309.2965709866103,KS,KANSAS
1436,2050,17,459021.8955687444,5354.506644637306,KY,KENTUCKY
1437,2050,18,543512.9862170292,2843.9308479383767,LA,LOUISIANA
1438,2050,19,45.98791312099326,1.0299830261990928,ME,MAINE
1439,2050,20,42694.732390850586,530.246108487866,MD,MARYLAND
1440,2050,21,940.8827724601116,14.888590880502022,MA,MASSACHUSETTS
1441,2050,22,20219.09685710415,340.4200043868473,MI,MICHIGAN
1442,2050,23,148530.92366194952,1221.2331720477491,MN,MINNESOTA
1443,2050,24,317154.18855893146,1889.1900233868068,MS,MISSISSIPPI
1444,2050,25,372847.5210094165,2899.28837342823,MO,MISSOURI
1445,2050,26,0.0,0.0,MT,MONTANA
1446,2050,27,393653.5791086852,4666.108681176076,NE,NEBRASKA
1447,2050,28,0.0,0.0,NV,NEVADA
1448,2050,29,0.0,0.0,NH,NEW HAMPSHIRE
1449,2050,30,23661.41823743996,300.57068080934914,NJ,NEW JERSEY
1450,2050,31,11.27453176579588,0.1433993192212739,NM,NEW MEXICO
1451,2050,32,2322.21724793991,42.37239379619641,NY,NEW YORK
1452,2050,33,431625.1738233784,2747.301432952182,NC,NORTH CAROLINA
1453,2050,34,82632.25643473849,609.2120682994089,ND,NORTH DAKOTA
1454,2050,35,35107.32740754732,1254.627418817546,OH,OHIO
1455,2050,36,177180.9317073181,889.6199183758222,OK,OKLAHOMA
1456,2050,37,4474.985139881551,10.988910102655828,OR,OREGON
1457,2050,38,118394.23030342488,1558.0320401988463,PA,PENNSYLVANIA
1458,2050,39,430.2534890119492,3.8164564180714975,RI,RHODE ISLAND
1459,2050,40,74254.26505052594,520.158763748391,SC,SOUTH CAROLINA
1460,2050,41,909914.6831609504,9339.161944600244,SD,SOUTH DAKOTA
1461,2050,42,276267.15302550653,2160.9237914668747,TN,TENNESSEE
1462,2050,43,731567.4856401877,5045.819932214505,TX,TEXAS
1463,2050,44,0.0,0.0,UT,UTAH
1464,2050,45,190.57264126601555,10.692519011122862,VT,VERMONT
1465,2050,46,56870.76076266552,310.3714751374455,VA,VIRGINIA
1466,2050,47,98821.09139776924,592.6267197458448,WA,WASHINGTON
1467,2050,48,3696.989525762959,71.1235632225197,WV,WEST VIRGINIA
1468,2050,49,6022.946007181835,117.43894911484551,WI,WISCONSIN
1469,2050,50,28636.674855112364,504.3564882329514,WY,WYOMING
1470,2051,0,259033.539365194,1537.8573988808612,AL,ALABAMA
1471,2051,2,0.0,0.0,AZ,ARIZONA
1472,2051,3,202580.1371506936,930.7431189325208,AR,ARKANSAS
1473,2051,4,9772.243288349018,156.0733702709057,CA,CALIFORNIA
1474,2051,5,367542.5321112842,4284.363896486937,CO,COLORADO
1475,2051,6,0.0,0.0,CT,CONNECTICUT
1476,2051,7,13989.386397951228,256.0363735231623,DE,DELAWARE
1477,2051,8,0.0,0.0,DC,DISTRICT OF COLUMBIA
1478,2051,9,3171.899246322567,19.265686304983692,FL,FLORIDA
1479,2051,10,216255.9282678224,1060.3405824856509,GA,GEORGIA
1480,2051,12,15233.170743144065,680.4590438090138,ID,IDAHO
1481,2051,13,7350546.138795387,30047.706211997443,IL,ILLINOIS
1482,2051,14,2878953.3771139123,16694.68594275813,IN,INDIANA
1483,2051,15,7404649.008919882,35017.76917083648,IA,IOWA
1484,2051,16,1991468.2014114528,7959.860086271767,KS,KANSAS
1485,2051,17,627366.3537629107,5148.182514001259,KY,KENTUCKY
1486,2051,18,954623.3915495684,3697.691314553778,LA,LOUISIANA
1487,2051,19,0.0,0.0,ME,MAINE
1488,2051,20,20762.88141840914,241.96472221175128,MD,MARYLAND
1489,2051,21,0.0,0.0,MA,MASSACHUSETTS
1490,2051,22,62469.85254050612,520.4423702171051,MI,MICHIGAN
1491,2051,23,1018711.2673384324,7334.998025325898,MN,MINNESOTA
1492,2051,24,1001997.5111519396,3882.253508429094,MS,MISSISSIPPI
1493,2051,25,3555351.251928605,14825.168247879814,MO,MISSOURI
1494,2051,26,0.0,0.0,MT,MONTANA
1495,2051,27,3532606.8482446168,21843.653409449093,NE,NEBRASKA
1496,2051,28,0.0,0.0,NV,NEVADA
1497,2051,29,0.0,0.0,NH,NEW HAMPSHIRE
1498,2051,30,505.2660203011922,27.142902335420036,NJ,NEW JERSEY
1499,2051,31,17.65253911956186,0.2245203743140445,NM,NEW MEXICO
1500,2051,32,0.0,0.0,NY,NEW YORK
1501,2051,33,685710.5403264753,3716.723688649133,NC,NORTH CAROLINA
1502,2051,34,18226.91268665671,79.90435409445863,ND,NORTH DAKOTA
1503,2051,35,555390.0307794452,4589.870427769245,OH,OHIO
1504,2051,36,133355.5374302657,750.7244316542724,OK,OKLAHOMA
1505,2051,37,4841.846770880286,12.456611660363132,OR,OREGON
1506,2051,38,0.0414419000367155,1.284093115540484,PA,PENNSYLVANIA
1507,2051,39,0.0,0.0,RI,RHODE ISLAND
1508,2051,40,255705.96283422428,1340.2843364004711,SC,SOUTH CAROLINA
1509,2051,41,2711646.045729726,13577.12005568577,SD,SOUTH DAKOTA
1510,2051,42,499385.1985488684,2868.8131631431465,TN,TENNESSEE
1511,2051,43,1939546.193354852,10552.55141027493,TX,TEXAS
1512,2051,44,0.0,0.0,UT,UTAH
1513,2051,45,20.87924467677717,2.7799529746647544,VT,VERMONT
1514,2051,46,92747.03472894106,511.8341952335705,VA,VIRGINIA
1515,2051,47,100569.20006879522,649.7035313609674,WA,WASHINGTON
1516,2051,48,3669.4465154287072,103.4483057306083,WV,WEST VIRGINIA
1517,2051,49,104998.8543443366,1114.8875203463874,WI,WISCONSIN
1518,2051,50,112470.92203270303,1553.1257791305238,WY,WYOMING
1519,2052,0,183952.17333580743,1291.978835235603,AL,ALABAMA
1520,2052,2,0.0,0.0,AZ,ARIZONA
1521,2052,3,320760.249491026,1198.03396974837,AR,ARKANSAS
1522,2052,4,14757.444264614604,236.835910115438,CA,CALIFORNIA
1523,2052,5,540341.2221375572,5645.294832727192,CO,COLORADO
1524,2052,6,962.9353029627904,27.361535888189582,CT,CONNECTICUT
1525,2052,7,12985.217528488176,312.98961505294767,DE,DELAWARE
1526,2052,8,0.0,0.0,DC,DISTRICT OF COLUMBIA
1527,2052,9,0.0,0.0,FL,FLORIDA
1528,2052,10,8453.564431343151,145.60172389428232,GA,GEORGIA
1529,2052,12,23655.727471276856,1073.8016435714997,ID,IDAHO
1530,2052,13,17173034.560718425,46428.58646635891,IL,ILLINOIS
1531,2052,14,3742820.422289448,20634.35617973404,IN,INDIANA
1532,2052,15,18539751.47944303,55286.47154891305,IA,IOWA
1533,2052,16,2461364.1509014308,8210.060621486482,KS,KANSAS
1534,2052,17,1486817.1545817722,6314.479424272774,KY,KENTUCKY
1535,2052,18,365547.22712125035,2153.3805255524403,LA,LOUISIANA
1536,2052,19,158.25063694631942,7.278705479754633,ME,MAINE
1537,2052,20,34905.534477099565,713.3558677140409,MD,MARYLAND
1538,2052,21,591.8819365524473,9.067839019523834,MA,MASSACHUSETTS
1539,2052,22,466820.4092531731,3087.061001343329,MI,MICHIGAN
1540,2052,23,4555334.696283365,28352.315408819737,MN,MINNESOTA
1541,2052,24,368814.88843867707,1689.294106270023,MS,MISSISSIPPI
1542,2052,25,6734088.181352938,18340.346108498496,MO,MISSOURI
1543,2052,26,0.0,0.0,MT,MONTANA
1544,2052,27,6620850.797766952,27239.2810489352,NE,NEBRASKA
1545,2052,28,0.0,0.0,NV,NEVADA
1546,2052,29,0.0,0.0,NH,NEW HAMPSHIRE
1547,2052,30,6860.795791059952,132.59556041790245,NJ,NEW JERSEY
1548,2052,31,22.70974603082673,0.2888423384808031,NM,NEW MEXICO
1549,2052,32,2396.092486011825,37.54634522331813,NY,NEW YORK
1550,2052,33,163715.33376114198,1630.2021737844616,NC,NORTH CAROLINA
1551,2052,34,495377.1954396647,4568.500113806407,ND,NORTH DAKOTA
1552,2052,35,926958.4361897658,7916.121789925314,OH,OHIO
1553,2052,36,167314.77705185767,770.5443058565274,OK,OKLAHOMA
1554,2052,37,6500.35392612796,15.029141022073595,OR,OREGON
1555,2052,38,82212.70518863565,1659.3747951828527,PA,PENNSYLVANIA
1556,2052,39,285.305459831765,3.81645619875306,RI,RHODE ISLAND
1557,2052,40,39305.02182311829,580.7444686909521,SC,SOUTH CAROLINA
1558,2052,41,7639243.149576938,30666.85557328866,SD,SOUTH DAKOTA
1559,2052,42,656337.6289218578,3071.7025464382923,TN,TENNESSEE
1560,2052,43,765547.7765284883,4842.344121537033,TX,TEXAS
1561,2052,44,0.0,0.0,UT,UTAH
1562,2052,45,126.23499075970122,8.075544503826606,VT,VERMONT
1563,2052,46,6843.167790931617,199.50277349266275,VA,VIRGINIA
1564,2052,47,87056.35063045166,548.9146592881636,WA,WASHINGTON
1565,2052,48,28976.735507946654,594.763091654614,WV,WEST VIRGINIA
1566,2052,49,3424571.9014525283,19421.90587964637,WI,WISCONSIN
1567,2052,50,113788.89730993094,1942.0262283840773,WY,WYOMING
1568,2053,0,0.0,0.0,AL,ALABAMA
1569,2053,2,0.0,0.0,AZ,ARIZONA
1570,2053,3,68831.52898757222,318.54604192016336,AR,ARKANSAS
1571,2053,4,28816.486197279257,465.8173810631309,CA,CALIFORNIA
1572,2053,5,576079.9026813388,5904.919403814535,CO,COLORADO
1573,2053,6,679.2648171729406,15.705617311906575,CT,CONNECTICUT
1574,2053,7,0.0,0.0,DE,DELAWARE
1575,2053,8,0.0,0.0,DC,DISTRICT OF COLUMBIA
1576,2053,9,0.0,0.0,FL,FLORIDA
1577,2053,10,0.0,0.0,GA,GEORGIA
1578,2053,12,27148.955235899648,1281.4706705516194,ID,IDAHO
1579,2053,13,1713117.1602456337,17253.99055014937,IL,ILLINOIS
1580,2053,14,229377.1525381052,4214.667339869172,IN,INDIANA
1581,2053,15,6404353.81124264,27868.733033368106,IA,IOWA
1582,2053,16,1235692.8235911487,5226.728985150885,KS,KANSAS
1583,2053,17,11961.664822935323,356.52682779800443,KY,KENTUCKY
1584,2053,18,209089.1691568104,1143.7454445160604,LA,LOUISIANA
1585,2053,19,0.0,0.0,ME,MAINE
1586,2053,20,0.0,0.0,MD,MARYLAND
1587,2053,21,254.10647762547268,4.446514617545933,MA,MASSACHUSETTS
1588,2053,22,5150.198996014549,65.20956282114776,MI,MICHIGAN
1589,2053,23,2226990.9767564987,14224.13526551633,MN,MINNESOTA
1590,2053,24,60523.34765730499,504.9786355362512,MS,MISSISSIPPI
1591,2053,25,675464.3919143951,6363.946172125472,MO,MISSOURI
1592,2053,26,0.0,0.0,MT,MONTANA
1593,2053,27,6689725.6559844455,26434.39862320003,NE,NEBRASKA
1594,2053,28,0.0,0.0,NV,NEVADA
1595,2053,29,0.0,0.0,NH,NEW HAMPSHIRE
1596,2053,30,500.6960214444717,36.49566889356364,NJ,NEW JERSEY
1597,2053,31,33.97961101287331,0.5620823324828638,NM,NEW MEXICO
1598,2053,32,0.0,0.0,NY,NEW YORK
1599,2053,33,120.0865565376508,8.467385208506878,NC,NORTH CAROLINA
1600,2053,34,408776.6353079392,2376.5711221458355,ND,NORTH DAKOTA
1601,2053,35,27208.940270155104,1129.5909536770134,OH,OHIO
1602,2053,36,99136.55341532172,434.5252380794464,OK,OKLAHOMA
1603,2053,37,8817.493948551926,18.81410182380881,OR,OREGON
1604,2053,38,3850.748588068222,151.12889932438316,PA,PENNSYLVANIA
1605,2053,39,128.22904305252783,3.81645631517014,RI,RHODE ISLAND
1606,2053,40,0.0,0.0,SC,SOUTH CAROLINA
1607,2053,41,7315087.663006554,26963.868023907424,SD,SOUTH DAKOTA
1608,2053,42,158.25905063629313,15.800756031634569,TN,TENNESSEE
1609,2053,43,1725860.2692678305,8326.099550831006,TX,TEXAS
1610,2053,44,0.0,0.0,UT,UTAH
1611,2053,45,8.871492386956374,1.7780697123185978,VT,VERMONT
1612,2053,46,0.0,0.0,VA,VIRGINIA
1613,2053,47,138104.67173646006,786.6223615466522,WA,WASHINGTON
1614,2053,48,1487.7203860382406,33.65144000015012,WV,WEST VIRGINIA
1615,2053,49,303525.93451818044,1901.4441068012695,WI,WISCONSIN
1616,2053,50,148630.89494822262,1987.7142205204968,WY,WYOMING
1617,2054,0,1962.111999149129,11.477927724331272,AL,ALABAMA
1618,2054,2,0.0,0.0,AZ,ARIZONA
1619,2054,3,11531.056837871502,117.25162764783394,AR,ARKANSAS
1620,2054,4,17345.32738918422,278.3566809342105,CA,CALIFORNIA
1621,2054,5,401506.7953567581,4725.432411100033,CO,COLORADO
1622,2054,6,0.0,0.0,CT,CONNECTICUT
1623,2054,7,0.0,0.0,DE,DELAWARE
1624,2054,8,0.0,0.0,DC,DISTRICT OF COLUMBIA
1625,2054,9,0.0,0.0,FL,FLORIDA
1626,2054,10,608.2282657490898,16.059773164793363,GA,GEORGIA
1627,2054,12,26544.02464236277,1230.673275488353,ID,IDAHO
1628,2054,13,3860167.386188852,28917.053282892517,IL,ILLINOIS
1629,2054,14,211625.75380414692,3312.538153621708,IN,INDIANA
1630,2054,15,3951265.6922890334,32727.72463001233,IA,IOWA
1631,2054,16,1850061.8257122412,6930.481952261916,KS,KANSAS
1632,2054,17,18764.504911526958,267.5624547961843,KY,KENTUCKY
1633,2054,18,11340.830777888403,258.0625037464041,LA,LOUISIANA
1634,2054,19,0.0,0.0,ME,MAINE
1635,2054,20,0.0,0.0,MD,MARYLAND
1636,2054,21,0.0,0.0,MA,MASSACHUSETTS
1637,2054,22,22585.25989911032,157.14044782564696,MI,MICHIGAN
1638,2054,23,373427.5667488095,5290.375717149305,MN,MINNESOTA
1639,2054,24,5961.533052298508,72.54112355506041,MS,MISSISSIPPI
1640,2054,25,3127132.05292029,12427.278926909108,MO,MISSOURI
1641,2054,26,0.0,0.0,MT,MONTANA
1642,2054,27,4057733.408219832,22525.28360243101,NE,NEBRASKA
1643,2054,28,0.0,0.0,NV,NEVADA
1644,2054,29,0.0,0.0,NH,NEW HAMPSHIRE
1645,2054,30,0.0,0.0,NJ,NEW JERSEY
1646,2054,31,61.74684883331965,0.8836621346271202,NM,NEW MEXICO
1647,2054,32,0.0,0.0,NY,NEW YORK
1648,2054,33,131121.94604055735,806.9343174469641,NC,NORTH CAROLINA
1649,2054,34,51018.11359717336,385.4415090426359,ND,NORTH DAKOTA
1650,2054,35,1419.352243732667,83.73337819326973,OH,OHIO
1651,2054,36,69415.55515922031,244.2454646583839,OK,OKLAHOMA
1652,2054,37,9326.811909982946,20.1213527547063,OR,OREGON
1653,2054,38,377.0903220795246,6.265020626475482,PA,PENNSYLVANIA
1654,2054,39,0.0,0.0,RI,RHODE ISLAND
1655,2054,40,0.0,0.0,SC,SOUTH CAROLINA
1656,2054,41,2916120.3948645303,19064.65812446366,SD,SOUTH DAKOTA
1657,2054,42,1985.255733356232,40.54821672161496,TN,TENNESSEE
1658,2054,43,699753.7872151473,3130.1205469106203,TX,TEXAS
1659,2054,44,0.0,0.0,UT,UTAH
1660,2054,45,0.0,0.0,VT,VERMONT
1661,2054,46,14323.765822403113,111.90178280299706,VA,VIRGINIA
1662,2054,47,199225.1908057656,878.756431198706,WA,WASHINGTON
1663,2054,48,0.0,0.0,WV,WEST VIRGINIA
1664,2054,49,13171.372021413938,54.99309979576601,WI,WISCONSIN
1665,2054,50,38983.90157605933,1001.1153817872824,WY,WYOMING
1666,2055,0,33287.82680721742,529.4478304844832,AL,ALABAMA
1667,2055,2,0.0,0.0,AZ,ARIZONA
1668,2055,3,0.0,0.0,AR,ARKANSAS
1669,2055,4,22916.368135712062,378.05748328067045,CA,CALIFORNIA
1670,2055,5,54581.58215177828,1177.6996585937145,CO,COLORADO
1671,2055,6,3256.6964877839605,50.75998209168381,CT,CONNECTICUT
1672,2055,7,570.8852551217319,59.21666300105656,DE,DELAWARE
1673,2055,8,0.0,0.0,DC,DISTRICT OF COLUMBIA
1674,2055,9,1367.441802037034,14.628122627136994,FL,FLORIDA
1675,2055,10,66276.0287108389,578.0825192112052,GA,GEORGIA
1676,2055,12,29230.233516121465,1350.9761000313947,ID,IDAHO
1677,2055,13,1388463.094235086,17263.480750987786,IL,ILLINOIS
1678,2055,14,120346.11863044772,3818.860698658449,IN,INDIANA
1679,2055,15,939135.979038185,12443.659950996998,IA,IOWA
1680,2055,16,582819.158464389,3089.6086247741755,KS,KANSAS
1681,2055,17,27502.8694070448,961.8957743031438,KY,KENTUCKY
1682,2055,18,436.2166097689397,8.688981763465227,LA,LOUISIANA
1683,2055,19,5.581122453372791,2.912034194155539,ME,MAINE
1684,2055,20,727.3108711762742,43.18954205886801,MD,MARYLAND
1685,2055,21,4104.474706579973,65.02332303469515,MA,MASSACHUSETTS
1686,2055,22,12665.623496920569,204.1956563545956,MI,MICHIGAN
1687,2055,23,148622.57358034293,2122.66998613968,MN,MINNESOTA
1688,2055,24,12542.567008839636,154.34105106270184,MS,MISSISSIPPI
1689,2055,25,403227.79432229046,5577.320692598694,MO,MISSOURI
1690,2055,26,0.0,0.0,MT,MONTANA
1691,2055,27,1470811.937386002,11893.154937619423,NE,NEBRASKA
1692,2055,28,0.0,0.0,NV,NEVADA
1693,2055,29,0.0,0.0,NH,NEW HAMPSHIRE
1694,2055,30,0.0,0.0,NJ,NEW JERSEY
1695,2055,31,61.74431377339682,0.8865169522979682,NM,NEW MEXICO
1696,2055,32,11511.885927824598,234.3615092662104,NY,NEW YORK
1697,2055,33,221402.8905746929,1560.915918180062,NC,NORTH CAROLINA
1698,2055,34,123830.27322505583,896.792333882995,ND,NORTH DAKOTA
1699,2055,35,12611.695873808518,475.0367859010489,OH,OHIO
1700,2055,36,37999.61829022864,190.82283403900587,OK,OKLAHOMA
1701,2055,37,10084.77607706238,21.47987850595069,OR,OREGON
1702,2055,38,1744.7690577566036,50.49752218515668,PA,PENNSYLVANIA
1703,2055,39,303.3813601938847,3.816456617239082,RI,RHODE ISLAND
1704,2055,40,78795.85477863715,693.209954751498,SC,SOUTH CAROLINA
1705,2055,41,967622.153123237,11377.191155928816,SD,SOUTH DAKOTA
1706,2055,42,29792.12447744045,583.383384321485,TN,TENNESSEE
1707,2055,43,35363.24457039256,310.52700708870213,TX,TEXAS
1708,2055,44,5.959156257962619,1.2190134020126413,UT,UTAH
1709,2055,45,72.9234555895318,2.5325054809289096,VT,VERMONT
1710,2055,46,2088.6087663671806,23.11527046017703,VA,VIRGINIA
1711,2055,47,217879.77605232384,952.7367892510528,WA,WASHINGTON
1712,2055,48,617.2770558865576,7.811531640414914,WV,WEST VIRGINIA
1713,2055,49,39163.1324110228,687.0204495420161,WI,WISCONSIN
1714,2055,50,22643.93717078035,330.474939461845,WY,WYOMING
